{
    "pools": [
        {
            "rolls": 1,
            "entries": [
                {"type": "item","name": "minecraft:diamond_pickaxe","weight": 1,"quality": 0,"functions": [{"function": "minecraft:set_nbt","tag": "{tmw:{id:241,type:4},display:{Name:'{\"italic\":false,\"color\":\"white\",\"text\":\"ダイヤの大鎌\"}',Lore:['{\"italic\":false,\"color\":\"gray\",\"text\":\"範囲攻撃が可能\"}']},AttributeModifiers:[{AttributeName:\"generic.attack_damage\",Name:\"ui_st_weapon1\",Amount:12,Operation:0,UUID:[I;2,1,1,1],Slot:\"mainhand\"},{AttributeName:\"generic.attack_speed\",Name:\"ui_st_weapon2\",Amount:-0.92,Operation:1,UUID:[I;2,1,1,2],Slot:\"mainhand\"},{AttributeName:\"generic.movement_speed\",Name:\"ui_st_weapon3\",Amount:-0.05,Operation:1,UUID:[I;2,1,1,3],Slot:\"mainhand\"}]}"}]}
            ]
        }
    ]
}