{
    "pools": [
      {
        "rolls": 1,
        "entries": [
          {
            "type": "minecraft:loot_table",
            "weight": 50,
            "quality": -1,
            "name": "ui:single_item/tmw/241/1"
          },
          {
            "type": "minecraft:loot_table",
            "weight": 30,
            "quality": 0,
            "name": "ui:single_item/tmw/241/2"
          },
          {
            "type": "minecraft:loot_table",
            "weight": 15,
            "quality": 1,
            "name": "ui:single_item/tmw/241/3"
          },
          {
            "type": "minecraft:loot_table",
            "weight": 5,
            "quality": 2,
            "name": "ui:single_item/tmw/241/4"
          }
        ]
      }
    ]
  }