[
  {
    "function": "minecraft:set_name",
    "entity": "this",
    "name": [
      {
        "italic": false,
        "color": "white",
        "nbt": "name",
        "storage": "ui:gun"
      },
      {
        "italic": false,
        "color": "gray",
        "text": " ["
      },
      {
        "italic": false,
        "color": "white",
        "text": "×"
      },
      {
        "italic": false,
        "color": "gray",
        "text": "]"
      }
    ]
  },
  {
    "function": "minecraft:set_nbt",
    "tag": "{CustomModelData:110541}"
  }
]
