{
  "parent": "minecraft:nether/summon_wither",
  "display": {
    "icon": {
      "item": "minecraft:carrot_on_a_stick",
      "nbt": "{CustomModelData:110303}"
    },
    "title": "スロースターター",
    "description": [
      {
        "text": "準備が整っていないウィザーを倒す"
      }
    ],
    "frame": "challenge",
    "show_toast": true,
    "announce_to_chat": true,
    "hidden": false
  },
  "criteria": {
    "task1": {
      "trigger": "minecraft:impossible"
    }
  },
  "requirements": [
    [
      "task1"
    ]
  ],
  "rewards": {
    "function": "ui:misc/advancements_bonus"
  }
}