{
  "parent": "minecraft:adventure/root",
  "display": {
    "icon": {
      "item": "minecraft:carrot_on_a_stick",
      "nbt": "{CustomModelData:110301}"
    },
    "title": "文明と科学の力",
    "description": [
      {
        "text": "闇を恐れることなかれ"
      }
    ],
    "frame": "task",
    "show_toast": true,
    "announce_to_chat": true,
    "hidden": false
  },
  "criteria": {
    "task1": {
      "trigger": "minecraft:inventory_changed",
      "conditions": {
        "items": [
          {
            "nbt": "{tmw:{id:305}}"
          }
        ]
      }
    }
  },
  "requirements": [
    [
      "task1"
    ]
  ]
}