{
  "parent": "ui:main/other/recipe_first",
  "display": {
    "icon": {
      "item": "minecraft:book",
      "nbt": "{CustomModelData:150005}"
    },
    "title": "伝承の編纂者",
    "description": [
      {
        "text": "伝説のレシピを全て集める"
      }
    ],
    "frame": "challenge",
    "show_toast": true,
    "announce_to_chat": true,
    "hidden": false
  },
  "criteria": {
    "task1": {
      "trigger": "minecraft:inventory_changed",
      "conditions": {
        "items": [
          {
            "nbt": "{tmw:{id:229,type:1}}"
          }
        ]
      }
    },
    "task2": {
      "trigger": "minecraft:inventory_changed",
      "conditions": {
        "items": [
          {
            "nbt": "{tmw:{id:229,type:2}}"
          }
        ]
      }
    },
    "task3": {
      "trigger": "minecraft:inventory_changed",
      "conditions": {
        "items": [
          {
            "nbt": "{tmw:{id:229,type:3}}"
          }
        ]
      }
    },
    "task4": {
      "trigger": "minecraft:inventory_changed",
      "conditions": {
        "items": [
          {
            "nbt": "{tmw:{id:229,type:4}}"
          }
        ]
      }
    },
    "task5": {
      "trigger": "minecraft:inventory_changed",
      "conditions": {
        "items": [
          {
            "nbt": "{tmw:{id:229,type:5}}"
          }
        ]
      }
    },
    "task6": {
      "trigger": "minecraft:inventory_changed",
      "conditions": {
        "items": [
          {
            "nbt": "{tmw:{id:229,type:6}}"
          }
        ]
      }
    },
    "task7": {
      "trigger": "minecraft:inventory_changed",
      "conditions": {
        "items": [
          {
            "nbt": "{tmw:{id:229,type:7}}"
          }
        ]
      }
    },
    "task8": {
      "trigger": "minecraft:inventory_changed",
      "conditions": {
        "items": [
          {
            "nbt": "{tmw:{id:229,type:8}}"
          }
        ]
      }
    },
    "task9": {
      "trigger": "minecraft:inventory_changed",
      "conditions": {
        "items": [
          {
            "nbt": "{tmw:{id:229,type:9}}"
          }
        ]
      }
    }
  },
  "requirements": [
    ["task1"],["task2"],["task3"],["task4"],["task5"],["task6"],["task7"],["task8"],["task9"]
  ],
  "rewards": {
    "function": "ui:misc/advancements_bonus"
  }
}