{
  "parent": "minecraft:adventure/root",
  "display": {
    "icon": {
      "item": "minecraft:orange_dye"
    },
    "title": "そして伝説へ・・・",
    "description": [
      {
        "text": "伝説のレシピを手に入れる"
      }
    ],
    "frame": "task",
    "show_toast": true,
    "announce_to_chat": true,
    "hidden": false
  },
  "criteria": {
    "task1": {
      "trigger": "minecraft:inventory_changed",
      "conditions": {
        "items": [
          {
            "nbt": "{tmw:{id:229}}"
          }
        ]
      }
    }
  },
  "requirements": [
    ["task1"]
  ]
}