[
  {
    "function": "minecraft:set_attributes",
    "modifiers": [
      {
        "attribute": "minecraft:generic.movement_speed",
        "name": "agi",
        "amount": {
          "type": "minecraft:score",
          "target": {
            "type": "minecraft:fixed",
            "name": "$speed"
          },
          "score": "ui_temp",
          "scale": 0.01
        },
        "operation": "multiply_base",
        "id": "96ed988e-73e0-4c83-a213-68d61b55e3cd",
        "slot": "mainhand"
      },
      {
        "attribute": "minecraft:generic.attack_damage",
        "name": "atk",
        "amount": {
          "type": "minecraft:score",
          "target": {
            "type": "minecraft:fixed",
            "name": "$attack"
          },
          "score": "ui_temp",
          "scale": 0.01
        },
        "operation": "addition",
        "id": "96ed988e-73e0-4c83-a213-68d61b55e3cc",
        "slot": "mainhand"
      },
      {
        "attribute": "minecraft:generic.attack_speed",
        "name": "asp",
        "amount": {
          "type": "minecraft:score",
          "target": {
            "type": "minecraft:fixed",
            "name": "$attack_speed"
          },
          "score": "ui_temp",
          "scale": 0.01
        },
        "operation": "multiply_base",
        "id": "96ed988e-73e0-4c83-a213-68d61b55e3cb",
        "slot": "mainhand"
      },
      {
        "attribute": "minecraft:generic.movement_speed",
        "name": "agi2",
        "amount": {
          "type": "minecraft:score",
          "target": {
            "type": "minecraft:fixed",
            "name": "$speed"
          },
          "score": "ui_temp",
          "scale": 0.01
        },
        "operation": "multiply_base",
        "id": "96ed988e-73e0-4c83-a213-68d61b55e3bd",
        "slot": "offhand"
      }
    ]
  }
]
