{
  "criteria": {
    "requirement": {
      "trigger": "minecraft:entity_hurt_player",
      "conditions": {
        "damage": {
          "type": {
            "is_explosion": false,
            "is_fire": false,
            "is_magic": false,
            "is_projectile": false,
            "is_lightning": false,
            "bypasses_armor": false,
            "bypasses_invulnerability": false,
            "bypasses_magic": false
          }
        }
      }
    }
  },
  "rewards": {
    "function": "ui:advancements/entity_hit_player"
  }
}
