{
    "pools": [
        {
            "rolls": {
                "min": 1,
                "max": 1
            },
            "entries": [
                {"type": "item","name": "minecraft:book","weight": 1,"quality": 0,"functions": [{"function": "minecraft:set_nbt","tag": "{CustomModelData:150002,display:{Name:'{\"italic\":false,\"color\":\"aqua\",\"text\":\"不思議なレシピ\"}',Lore:['{\"font\":\"ui:recipe\",\"italic\":false,\"color\":\"white\",\"translate\":\"\\\\u2001\"}','{\"text\":\"\"}','{\"text\":\"\"}','{\"text\":\"\"}','{\"text\":\"\"}','{\"text\":\"\"}','{\"text\":\"\"}']}}"}]},
                {"type": "item","name": "minecraft:book","weight": 1,"quality": 0,"functions": [{"function": "minecraft:set_nbt","tag": "{CustomModelData:150002,display:{Name:'{\"italic\":false,\"color\":\"aqua\",\"text\":\"不思議なレシピ\"}',Lore:['{\"font\":\"ui:recipe\",\"italic\":false,\"color\":\"white\",\"translate\":\"\\\\u2002\"}','{\"text\":\"\"}','{\"text\":\"\"}','{\"text\":\"\"}','{\"text\":\"\"}','{\"text\":\"\"}','{\"text\":\"\"}']}}"}]},
                {"type": "item","name": "minecraft:book","weight": 1,"quality": 0,"functions": [{"function": "minecraft:set_nbt","tag": "{CustomModelData:150002,display:{Name:'{\"italic\":false,\"color\":\"aqua\",\"text\":\"不思議なレシピ\"}',Lore:['{\"font\":\"ui:recipe\",\"italic\":false,\"color\":\"white\",\"translate\":\"\\\\u2003\"}','{\"text\":\"\"}','{\"text\":\"\"}','{\"text\":\"\"}','{\"text\":\"\"}','{\"text\":\"\"}','{\"text\":\"\"}']}}"}]},
                {"type": "item","name": "minecraft:book","weight": 1,"quality": 0,"functions": [{"function": "minecraft:set_nbt","tag": "{CustomModelData:150002,display:{Name:'{\"italic\":false,\"color\":\"aqua\",\"text\":\"不思議なレシピ\"}',Lore:['{\"font\":\"ui:recipe\",\"italic\":false,\"color\":\"white\",\"translate\":\"\\\\u2004\"}','{\"text\":\"\"}','{\"text\":\"\"}','{\"text\":\"\"}','{\"text\":\"\"}','{\"text\":\"\"}','{\"text\":\"\"}']}}"}]},
                {"type": "item","name": "minecraft:book","weight": 1,"quality": 0,"functions": [{"function": "minecraft:set_nbt","tag": "{CustomModelData:150002,display:{Name:'{\"italic\":false,\"color\":\"aqua\",\"text\":\"不思議なレシピ\"}',Lore:['{\"font\":\"ui:recipe\",\"italic\":false,\"color\":\"white\",\"translate\":\"\\\\u2005\"}','{\"text\":\"\"}','{\"text\":\"\"}','{\"text\":\"\"}','{\"text\":\"\"}','{\"text\":\"\"}','{\"text\":\"\"}']}}"}]},
                {"type": "item","name": "minecraft:book","weight": 1,"quality": 0,"functions": [{"function": "minecraft:set_nbt","tag": "{CustomModelData:150002,display:{Name:'{\"italic\":false,\"color\":\"aqua\",\"text\":\"不思議なレシピ\"}',Lore:['{\"font\":\"ui:recipe\",\"italic\":false,\"color\":\"white\",\"translate\":\"\\\\u2006\"}','{\"text\":\"\"}','{\"text\":\"\"}','{\"text\":\"\"}','{\"text\":\"\"}','{\"text\":\"\"}','{\"text\":\"\"}']}}"}]},
                {"type": "item","name": "minecraft:book","weight": 1,"quality": 0,"functions": [{"function": "minecraft:set_nbt","tag": "{CustomModelData:150002,display:{Name:'{\"italic\":false,\"color\":\"aqua\",\"text\":\"不思議なレシピ\"}',Lore:['{\"font\":\"ui:recipe\",\"italic\":false,\"color\":\"white\",\"translate\":\"\\\\u2007\"}','{\"text\":\"\"}','{\"text\":\"\"}','{\"text\":\"\"}','{\"text\":\"\"}','{\"text\":\"\"}','{\"text\":\"\"}']}}"}]},
                {"type": "item","name": "minecraft:book","weight": 1,"quality": 0,"functions": [{"function": "minecraft:set_nbt","tag": "{CustomModelData:150002,display:{Name:'{\"italic\":false,\"color\":\"aqua\",\"text\":\"不思議なレシピ\"}',Lore:['{\"font\":\"ui:recipe\",\"italic\":false,\"color\":\"white\",\"translate\":\"\\\\u2008\"}','{\"text\":\"\"}','{\"text\":\"\"}','{\"text\":\"\"}','{\"text\":\"\"}','{\"text\":\"\"}','{\"text\":\"\"}']}}"}]},
                {"type": "item","name": "minecraft:book","weight": 1,"quality": 0,"functions": [{"function": "minecraft:set_nbt","tag": "{CustomModelData:150002,display:{Name:'{\"italic\":false,\"color\":\"aqua\",\"text\":\"不思議なレシピ\"}',Lore:['{\"font\":\"ui:recipe\",\"italic\":false,\"color\":\"white\",\"translate\":\"\\\\u2009\"}','{\"text\":\"\"}','{\"text\":\"\"}','{\"text\":\"\"}','{\"text\":\"\"}','{\"text\":\"\"}','{\"text\":\"\"}']}}"}]},
                {"type": "item","name": "minecraft:book","weight": 1,"quality": 0,"functions": [{"function": "minecraft:set_nbt","tag": "{CustomModelData:150002,display:{Name:'{\"italic\":false,\"color\":\"aqua\",\"text\":\"不思議なレシピ\"}',Lore:['{\"font\":\"ui:recipe\",\"italic\":false,\"color\":\"white\",\"translate\":\"\\\\u2010\"}','{\"text\":\"\"}','{\"text\":\"\"}','{\"text\":\"\"}','{\"text\":\"\"}','{\"text\":\"\"}','{\"text\":\"\"}']}}"}]},
                {"type": "item","name": "minecraft:book","weight": 1,"quality": 0,"functions": [{"function": "minecraft:set_nbt","tag": "{CustomModelData:150002,display:{Name:'{\"italic\":false,\"color\":\"aqua\",\"text\":\"不思議なレシピ\"}',Lore:['{\"font\":\"ui:recipe\",\"italic\":false,\"color\":\"white\",\"translate\":\"\\\\u2011\"}','{\"text\":\"\"}','{\"text\":\"\"}','{\"text\":\"\"}','{\"text\":\"\"}','{\"text\":\"\"}','{\"text\":\"\"}']}}"}]},
                {"type": "item","name": "minecraft:book","weight": 1,"quality": 0,"functions": [{"function": "minecraft:set_nbt","tag": "{CustomModelData:150002,display:{Name:'{\"italic\":false,\"color\":\"aqua\",\"text\":\"不思議なレシピ\"}',Lore:['{\"font\":\"ui:recipe\",\"italic\":false,\"color\":\"white\",\"translate\":\"\\\\u2012\"}','{\"text\":\"\"}','{\"text\":\"\"}','{\"text\":\"\"}','{\"text\":\"\"}','{\"text\":\"\"}','{\"text\":\"\"}']}}"}]},
                {"type": "item","name": "minecraft:book","weight": 1,"quality": 0,"functions": [{"function": "minecraft:set_nbt","tag": "{CustomModelData:150002,display:{Name:'{\"italic\":false,\"color\":\"aqua\",\"text\":\"不思議なレシピ\"}',Lore:['{\"font\":\"ui:recipe\",\"italic\":false,\"color\":\"white\",\"translate\":\"\\\\u2013\"}','{\"text\":\"\"}','{\"text\":\"\"}','{\"text\":\"\"}','{\"text\":\"\"}','{\"text\":\"\"}','{\"text\":\"\"}']}}"}]},
                {"type": "item","name": "minecraft:book","weight": 1,"quality": 0,"functions": [{"function": "minecraft:set_nbt","tag": "{CustomModelData:150002,display:{Name:'{\"italic\":false,\"color\":\"aqua\",\"text\":\"不思議なレシピ\"}',Lore:['{\"font\":\"ui:recipe\",\"italic\":false,\"color\":\"white\",\"translate\":\"\\\\u2014\"}','{\"text\":\"\"}','{\"text\":\"\"}','{\"text\":\"\"}','{\"text\":\"\"}','{\"text\":\"\"}','{\"text\":\"\"}']}}"}]},
                {"type": "item","name": "minecraft:book","weight": 1,"quality": 0,"functions": [{"function": "minecraft:set_nbt","tag": "{CustomModelData:150002,display:{Name:'{\"italic\":false,\"color\":\"aqua\",\"text\":\"不思議なレシピ\"}',Lore:['{\"font\":\"ui:recipe\",\"italic\":false,\"color\":\"white\",\"translate\":\"\\\\u2015\"}','{\"text\":\"\"}','{\"text\":\"\"}','{\"text\":\"\"}','{\"text\":\"\"}','{\"text\":\"\"}','{\"text\":\"\"}']}}"}]},
                {"type": "item","name": "minecraft:book","weight": 1,"quality": 0,"functions": [{"function": "minecraft:set_nbt","tag": "{CustomModelData:150002,display:{Name:'{\"italic\":false,\"color\":\"aqua\",\"text\":\"不思議なレシピ\"}',Lore:['{\"font\":\"ui:recipe\",\"italic\":false,\"color\":\"white\",\"translate\":\"\\\\u2016\"}','{\"text\":\"\"}','{\"text\":\"\"}','{\"text\":\"\"}','{\"text\":\"\"}','{\"text\":\"\"}','{\"text\":\"\"}']}}"}]},
                {"type": "item","name": "minecraft:book","weight": 1,"quality": 0,"functions": [{"function": "minecraft:set_nbt","tag": "{CustomModelData:150002,display:{Name:'{\"italic\":false,\"color\":\"aqua\",\"text\":\"不思議なレシピ\"}',Lore:['{\"font\":\"ui:recipe\",\"italic\":false,\"color\":\"white\",\"translate\":\"\\\\u2017\"}','{\"text\":\"\"}','{\"text\":\"\"}','{\"text\":\"\"}','{\"text\":\"\"}','{\"text\":\"\"}','{\"text\":\"\"}']}}"}]},
                {"type": "item","name": "minecraft:book","weight": 1,"quality": 0,"functions": [{"function": "minecraft:set_nbt","tag": "{CustomModelData:150002,display:{Name:'{\"italic\":false,\"color\":\"aqua\",\"text\":\"不思議なレシピ\"}',Lore:['{\"font\":\"ui:recipe\",\"italic\":false,\"color\":\"white\",\"translate\":\"\\\\u2018\"}','{\"text\":\"\"}','{\"text\":\"\"}','{\"text\":\"\"}','{\"text\":\"\"}','{\"text\":\"\"}','{\"text\":\"\"}']}}"}]},
                {"type": "item","name": "minecraft:book","weight": 1,"quality": 0,"functions": [{"function": "minecraft:set_nbt","tag": "{CustomModelData:150002,display:{Name:'{\"italic\":false,\"color\":\"aqua\",\"text\":\"不思議なレシピ\"}',Lore:['{\"font\":\"ui:recipe\",\"italic\":false,\"color\":\"white\",\"translate\":\"\\\\u2019\"}','{\"text\":\"\"}','{\"text\":\"\"}','{\"text\":\"\"}','{\"text\":\"\"}','{\"text\":\"\"}','{\"text\":\"\"}']}}"}]},
                {"type": "item","name": "minecraft:book","weight": 1,"quality": 0,"functions": [{"function": "minecraft:set_nbt","tag": "{CustomModelData:150002,display:{Name:'{\"italic\":false,\"color\":\"aqua\",\"text\":\"不思議なレシピ\"}',Lore:['{\"font\":\"ui:recipe\",\"italic\":false,\"color\":\"white\",\"translate\":\"\\\\u2020\"}','{\"text\":\"\"}','{\"text\":\"\"}','{\"text\":\"\"}','{\"text\":\"\"}','{\"text\":\"\"}','{\"text\":\"\"}']}}"}]},
                {"type": "item","name": "minecraft:book","weight": 1,"quality": 0,"functions": [{"function": "minecraft:set_nbt","tag": "{CustomModelData:150002,display:{Name:'{\"italic\":false,\"color\":\"aqua\",\"text\":\"不思議なレシピ\"}',Lore:['{\"font\":\"ui:recipe\",\"italic\":false,\"color\":\"white\",\"translate\":\"\\\\u2021\"}','{\"text\":\"\"}','{\"text\":\"\"}','{\"text\":\"\"}','{\"text\":\"\"}','{\"text\":\"\"}','{\"text\":\"\"}']}}"}]},
                {"type": "item","name": "minecraft:book","weight": 1,"quality": 0,"functions": [{"function": "minecraft:set_nbt","tag": "{CustomModelData:150002,display:{Name:'{\"italic\":false,\"color\":\"aqua\",\"text\":\"不思議なレシピ\"}',Lore:['{\"font\":\"ui:recipe\",\"italic\":false,\"color\":\"white\",\"translate\":\"\\\\u2022\"}','{\"text\":\"\"}','{\"text\":\"\"}','{\"text\":\"\"}','{\"text\":\"\"}','{\"text\":\"\"}','{\"text\":\"\"}']}}"}]},
                {"type": "item","name": "minecraft:book","weight": 1,"quality": 0,"functions": [{"function": "minecraft:set_nbt","tag": "{CustomModelData:150002,display:{Name:'{\"italic\":false,\"color\":\"aqua\",\"text\":\"不思議なレシピ\"}',Lore:['{\"font\":\"ui:recipe\",\"italic\":false,\"color\":\"white\",\"translate\":\"\\\\u2023\"}','{\"text\":\"\"}','{\"text\":\"\"}','{\"text\":\"\"}','{\"text\":\"\"}','{\"text\":\"\"}','{\"text\":\"\"}']}}"}]},
                {"type": "item","name": "minecraft:book","weight": 1,"quality": 0,"functions": [{"function": "minecraft:set_nbt","tag": "{CustomModelData:150002,display:{Name:'{\"italic\":false,\"color\":\"aqua\",\"text\":\"不思議なレシピ\"}',Lore:['{\"font\":\"ui:recipe\",\"italic\":false,\"color\":\"white\",\"translate\":\"\\\\u2024\"}','{\"text\":\"\"}','{\"text\":\"\"}','{\"text\":\"\"}','{\"text\":\"\"}','{\"text\":\"\"}','{\"text\":\"\"}']}}"}]},
                {"type": "item","name": "minecraft:book","weight": 1,"quality": 0,"functions": [{"function": "minecraft:set_nbt","tag": "{CustomModelData:150002,display:{Name:'{\"italic\":false,\"color\":\"aqua\",\"text\":\"不思議なレシピ\"}',Lore:['{\"font\":\"ui:recipe\",\"italic\":false,\"color\":\"white\",\"translate\":\"\\\\u2025\"}','{\"text\":\"\"}','{\"text\":\"\"}','{\"text\":\"\"}','{\"text\":\"\"}','{\"text\":\"\"}','{\"text\":\"\"}']}}"}]},
                {"type": "item","name": "minecraft:book","weight": 1,"quality": 0,"functions": [{"function": "minecraft:set_nbt","tag": "{CustomModelData:150002,display:{Name:'{\"italic\":false,\"color\":\"aqua\",\"text\":\"不思議なレシピ\"}',Lore:['{\"font\":\"ui:recipe\",\"italic\":false,\"color\":\"white\",\"translate\":\"\\\\u2026\"}','{\"text\":\"\"}','{\"text\":\"\"}','{\"text\":\"\"}','{\"text\":\"\"}','{\"text\":\"\"}','{\"text\":\"\"}']}}"}]},
                {"type": "item","name": "minecraft:book","weight": 1,"quality": 0,"functions": [{"function": "minecraft:set_nbt","tag": "{CustomModelData:150002,display:{Name:'{\"italic\":false,\"color\":\"aqua\",\"text\":\"不思議なレシピ\"}',Lore:['{\"font\":\"ui:recipe\",\"italic\":false,\"color\":\"white\",\"translate\":\"\\\\u2027\"}','{\"text\":\"\"}','{\"text\":\"\"}','{\"text\":\"\"}','{\"text\":\"\"}','{\"text\":\"\"}','{\"text\":\"\"}']}}"}]},
                {"type": "item","name": "minecraft:book","weight": 1,"quality": 0,"functions": [{"function": "minecraft:set_nbt","tag": "{CustomModelData:150002,display:{Name:'{\"italic\":false,\"color\":\"aqua\",\"text\":\"不思議なレシピ\"}',Lore:['{\"font\":\"ui:recipe\",\"italic\":false,\"color\":\"white\",\"translate\":\"\\\\u2028\"}','{\"text\":\"\"}','{\"text\":\"\"}','{\"text\":\"\"}','{\"text\":\"\"}','{\"text\":\"\"}','{\"text\":\"\"}']}}"}]},
                {"type": "item","name": "minecraft:book","weight": 1,"quality": 0,"functions": [{"function": "minecraft:set_nbt","tag": "{CustomModelData:150002,display:{Name:'{\"italic\":false,\"color\":\"aqua\",\"text\":\"不思議なレシピ\"}',Lore:['{\"font\":\"ui:recipe\",\"italic\":false,\"color\":\"white\",\"translate\":\"\\\\u2029\"}','{\"text\":\"\"}','{\"text\":\"\"}','{\"text\":\"\"}','{\"text\":\"\"}','{\"text\":\"\"}','{\"text\":\"\"}']}}"}]},
                {"type": "item","name": "minecraft:book","weight": 1,"quality": 0,"functions": [{"function": "minecraft:set_nbt","tag": "{CustomModelData:150002,display:{Name:'{\"italic\":false,\"color\":\"aqua\",\"text\":\"不思議なレシピ\"}',Lore:['{\"font\":\"ui:recipe\",\"italic\":false,\"color\":\"white\",\"translate\":\"\\\\u2030\"}','{\"text\":\"\"}','{\"text\":\"\"}','{\"text\":\"\"}','{\"text\":\"\"}','{\"text\":\"\"}','{\"text\":\"\"}']}}"}]},
                {"type": "item","name": "minecraft:book","weight": 1,"quality": 0,"functions": [{"function": "minecraft:set_nbt","tag": "{CustomModelData:150002,display:{Name:'{\"italic\":false,\"color\":\"aqua\",\"text\":\"不思議なレシピ\"}',Lore:['{\"font\":\"ui:recipe\",\"italic\":false,\"color\":\"white\",\"translate\":\"\\\\u2031\"}','{\"text\":\"\"}','{\"text\":\"\"}','{\"text\":\"\"}','{\"text\":\"\"}','{\"text\":\"\"}','{\"text\":\"\"}']}}"}]},
                {"type": "item","name": "minecraft:book","weight": 1,"quality": 0,"functions": [{"function": "minecraft:set_nbt","tag": "{CustomModelData:150002,display:{Name:'{\"italic\":false,\"color\":\"aqua\",\"text\":\"不思議なレシピ\"}',Lore:['{\"font\":\"ui:recipe\",\"italic\":false,\"color\":\"white\",\"translate\":\"\\\\u2032\"}','{\"text\":\"\"}','{\"text\":\"\"}','{\"text\":\"\"}','{\"text\":\"\"}','{\"text\":\"\"}','{\"text\":\"\"}']}}"}]},
                {"type": "item","name": "minecraft:book","weight": 1,"quality": 0,"functions": [{"function": "minecraft:set_nbt","tag": "{CustomModelData:150002,display:{Name:'{\"italic\":false,\"color\":\"aqua\",\"text\":\"不思議なレシピ\"}',Lore:['{\"font\":\"ui:recipe\",\"italic\":false,\"color\":\"white\",\"translate\":\"\\\\u2033\"}','{\"text\":\"\"}','{\"text\":\"\"}','{\"text\":\"\"}','{\"text\":\"\"}','{\"text\":\"\"}','{\"text\":\"\"}']}}"}]},
                {"type": "item","name": "minecraft:book","weight": 1,"quality": 0,"functions": [{"function": "minecraft:set_nbt","tag": "{CustomModelData:150002,display:{Name:'{\"italic\":false,\"color\":\"aqua\",\"text\":\"不思議なレシピ\"}',Lore:['{\"font\":\"ui:recipe\",\"italic\":false,\"color\":\"white\",\"translate\":\"\\\\u2034\"}','{\"text\":\"\"}','{\"text\":\"\"}','{\"text\":\"\"}','{\"text\":\"\"}','{\"text\":\"\"}','{\"text\":\"\"}']}}"}]},
                {"type": "item","name": "minecraft:book","weight": 1,"quality": 0,"functions": [{"function": "minecraft:set_nbt","tag": "{CustomModelData:150002,display:{Name:'{\"italic\":false,\"color\":\"aqua\",\"text\":\"不思議なレシピ\"}',Lore:['{\"font\":\"ui:recipe\",\"italic\":false,\"color\":\"white\",\"translate\":\"\\\\u2035\"}','{\"text\":\"\"}','{\"text\":\"\"}','{\"text\":\"\"}','{\"text\":\"\"}','{\"text\":\"\"}','{\"text\":\"\"}']}}"}]},
                {"type": "item","name": "minecraft:book","weight": 1,"quality": 0,"functions": [{"function": "minecraft:set_nbt","tag": "{CustomModelData:150002,display:{Name:'{\"italic\":false,\"color\":\"aqua\",\"text\":\"不思議なレシピ\"}',Lore:['{\"font\":\"ui:recipe\",\"italic\":false,\"color\":\"white\",\"translate\":\"\\\\u2036\"}','{\"text\":\"\"}','{\"text\":\"\"}','{\"text\":\"\"}','{\"text\":\"\"}','{\"text\":\"\"}','{\"text\":\"\"}']}}"}]},
                {"type": "item","name": "minecraft:book","weight": 1,"quality": 0,"functions": [{"function": "minecraft:set_nbt","tag": "{CustomModelData:150002,display:{Name:'{\"italic\":false,\"color\":\"aqua\",\"text\":\"不思議なレシピ\"}',Lore:['{\"font\":\"ui:recipe\",\"italic\":false,\"color\":\"white\",\"translate\":\"\\\\u2037\"}','{\"text\":\"\"}','{\"text\":\"\"}','{\"text\":\"\"}','{\"text\":\"\"}','{\"text\":\"\"}','{\"text\":\"\"}']}}"}]},
                {"type": "item","name": "minecraft:book","weight": 1,"quality": 0,"functions": [{"function": "minecraft:set_nbt","tag": "{CustomModelData:150002,display:{Name:'{\"italic\":false,\"color\":\"aqua\",\"text\":\"不思議なレシピ\"}',Lore:['{\"font\":\"ui:recipe\",\"italic\":false,\"color\":\"white\",\"translate\":\"\\\\u2038\"}','{\"text\":\"\"}','{\"text\":\"\"}','{\"text\":\"\"}','{\"text\":\"\"}','{\"text\":\"\"}','{\"text\":\"\"}']}}"}]},
                {"type": "item","name": "minecraft:book","weight": 1,"quality": 0,"functions": [{"function": "minecraft:set_nbt","tag": "{CustomModelData:150002,display:{Name:'{\"italic\":false,\"color\":\"aqua\",\"text\":\"不思議なレシピ\"}',Lore:['{\"font\":\"ui:recipe\",\"italic\":false,\"color\":\"white\",\"translate\":\"\\\\u2039\"}','{\"text\":\"\"}','{\"text\":\"\"}','{\"text\":\"\"}','{\"text\":\"\"}','{\"text\":\"\"}','{\"text\":\"\"}']}}"}]},
                {"type": "item","name": "minecraft:book","weight": 1,"quality": 0,"functions": [{"function": "minecraft:set_nbt","tag": "{CustomModelData:150002,display:{Name:'{\"italic\":false,\"color\":\"aqua\",\"text\":\"不思議なレシピ\"}',Lore:['{\"font\":\"ui:recipe\",\"italic\":false,\"color\":\"white\",\"translate\":\"\\\\u2040\"}','{\"text\":\"\"}','{\"text\":\"\"}','{\"text\":\"\"}','{\"text\":\"\"}','{\"text\":\"\"}','{\"text\":\"\"}']}}"}]},
                {"type": "item","name": "minecraft:book","weight": 1,"quality": 0,"functions": [{"function": "minecraft:set_nbt","tag": "{CustomModelData:150002,display:{Name:'{\"italic\":false,\"color\":\"aqua\",\"text\":\"不思議なレシピ\"}',Lore:['{\"font\":\"ui:recipe\",\"italic\":false,\"color\":\"white\",\"translate\":\"\\\\u2041\"}','{\"text\":\"\"}','{\"text\":\"\"}','{\"text\":\"\"}','{\"text\":\"\"}','{\"text\":\"\"}','{\"text\":\"\"}']}}"}]},
                {"type": "item","name": "minecraft:book","weight": 1,"quality": 0,"functions": [{"function": "minecraft:set_nbt","tag": "{CustomModelData:150002,display:{Name:'{\"italic\":false,\"color\":\"aqua\",\"text\":\"不思議なレシピ\"}',Lore:['{\"font\":\"ui:recipe\",\"italic\":false,\"color\":\"white\",\"translate\":\"\\\\u2042\"}','{\"text\":\"\"}','{\"text\":\"\"}','{\"text\":\"\"}','{\"text\":\"\"}','{\"text\":\"\"}','{\"text\":\"\"}']}}"}]},
                {"type": "item","name": "minecraft:book","weight": 1,"quality": 0,"functions": [{"function": "minecraft:set_nbt","tag": "{CustomModelData:150002,display:{Name:'{\"italic\":false,\"color\":\"aqua\",\"text\":\"不思議なレシピ\"}',Lore:['{\"font\":\"ui:recipe\",\"italic\":false,\"color\":\"white\",\"translate\":\"\\\\u2043\"}','{\"text\":\"\"}','{\"text\":\"\"}','{\"text\":\"\"}','{\"text\":\"\"}','{\"text\":\"\"}','{\"text\":\"\"}']}}"}]},
                {"type": "item","name": "minecraft:book","weight": 1,"quality": 0,"functions": [{"function": "minecraft:set_nbt","tag": "{CustomModelData:150002,display:{Name:'{\"italic\":false,\"color\":\"aqua\",\"text\":\"不思議なレシピ\"}',Lore:['{\"font\":\"ui:recipe\",\"italic\":false,\"color\":\"white\",\"translate\":\"\\\\u2044\"}','{\"text\":\"\"}','{\"text\":\"\"}','{\"text\":\"\"}','{\"text\":\"\"}','{\"text\":\"\"}','{\"text\":\"\"}']}}"}]},
                {"type": "item","name": "minecraft:book","weight": 1,"quality": 0,"functions": [{"function": "minecraft:set_nbt","tag": "{CustomModelData:150002,display:{Name:'{\"italic\":false,\"color\":\"aqua\",\"text\":\"不思議なレシピ\"}',Lore:['{\"font\":\"ui:recipe\",\"italic\":false,\"color\":\"white\",\"translate\":\"\\\\u2045\"}','{\"text\":\"\"}','{\"text\":\"\"}','{\"text\":\"\"}','{\"text\":\"\"}','{\"text\":\"\"}','{\"text\":\"\"}']}}"}]},
                {"type": "item","name": "minecraft:book","weight": 1,"quality": 0,"functions": [{"function": "minecraft:set_nbt","tag": "{CustomModelData:150002,display:{Name:'{\"italic\":false,\"color\":\"aqua\",\"text\":\"不思議なレシピ\"}',Lore:['{\"font\":\"ui:recipe\",\"italic\":false,\"color\":\"white\",\"translate\":\"\\\\u2046\"}','{\"text\":\"\"}','{\"text\":\"\"}','{\"text\":\"\"}','{\"text\":\"\"}','{\"text\":\"\"}','{\"text\":\"\"}']}}"}]}
            ]
        }
    ]
}