{
    "pools": [
        {
            "rolls": {
                "min": 1,
                "max": 1
            },
            "entries": [
                {"type": "item","name": "minecraft:book","weight": 1,"quality": 0,"functions": [{"function": "minecraft:set_nbt","tag": "{CustomModelData:150003,display:{Name:'{\"italic\":false,\"color\":\"light_purple\",\"text\":\"未知のレシピ\"}',Lore:['{\"font\":\"ui:recipe\",\"italic\":false,\"color\":\"white\",\"translate\":\"\\\\u3001\"}','{\"text\":\"\"}','{\"text\":\"\"}','{\"text\":\"\"}','{\"text\":\"\"}','{\"text\":\"\"}','{\"text\":\"\"}']}}"}]},
                {"type": "item","name": "minecraft:book","weight": 1,"quality": 0,"functions": [{"function": "minecraft:set_nbt","tag": "{CustomModelData:150003,display:{Name:'{\"italic\":false,\"color\":\"light_purple\",\"text\":\"未知のレシピ\"}',Lore:['{\"font\":\"ui:recipe\",\"italic\":false,\"color\":\"white\",\"translate\":\"\\\\u3002\"}','{\"text\":\"\"}','{\"text\":\"\"}','{\"text\":\"\"}','{\"text\":\"\"}','{\"text\":\"\"}','{\"text\":\"\"}']}}"}]},
                {"type": "item","name": "minecraft:book","weight": 1,"quality": 0,"functions": [{"function": "minecraft:set_nbt","tag": "{CustomModelData:150003,display:{Name:'{\"italic\":false,\"color\":\"light_purple\",\"text\":\"未知のレシピ\"}',Lore:['{\"font\":\"ui:recipe\",\"italic\":false,\"color\":\"white\",\"translate\":\"\\\\u3003\"}','{\"text\":\"\"}','{\"text\":\"\"}','{\"text\":\"\"}','{\"text\":\"\"}','{\"text\":\"\"}','{\"text\":\"\"}']}}"}]},
                {"type": "item","name": "minecraft:book","weight": 1,"quality": 0,"functions": [{"function": "minecraft:set_nbt","tag": "{CustomModelData:150003,display:{Name:'{\"italic\":false,\"color\":\"light_purple\",\"text\":\"未知のレシピ\"}',Lore:['{\"font\":\"ui:recipe\",\"italic\":false,\"color\":\"white\",\"translate\":\"\\\\u3004\"}','{\"text\":\"\"}','{\"text\":\"\"}','{\"text\":\"\"}','{\"text\":\"\"}','{\"text\":\"\"}','{\"text\":\"\"}']}}"}]},
                {"type": "item","name": "minecraft:book","weight": 1,"quality": 0,"functions": [{"function": "minecraft:set_nbt","tag": "{CustomModelData:150003,display:{Name:'{\"italic\":false,\"color\":\"light_purple\",\"text\":\"未知のレシピ\"}',Lore:['{\"font\":\"ui:recipe\",\"italic\":false,\"color\":\"white\",\"translate\":\"\\\\u3005\"}','{\"text\":\"\"}','{\"text\":\"\"}','{\"text\":\"\"}','{\"text\":\"\"}','{\"text\":\"\"}','{\"text\":\"\"}']}}"}]},
                {"type": "item","name": "minecraft:book","weight": 1,"quality": 0,"functions": [{"function": "minecraft:set_nbt","tag": "{CustomModelData:150003,display:{Name:'{\"italic\":false,\"color\":\"light_purple\",\"text\":\"未知のレシピ\"}',Lore:['{\"font\":\"ui:recipe\",\"italic\":false,\"color\":\"white\",\"translate\":\"\\\\u3006\"}','{\"text\":\"\"}','{\"text\":\"\"}','{\"text\":\"\"}','{\"text\":\"\"}','{\"text\":\"\"}','{\"text\":\"\"}']}}"}]},
                {"type": "item","name": "minecraft:book","weight": 1,"quality": 0,"functions": [{"function": "minecraft:set_nbt","tag": "{CustomModelData:150003,display:{Name:'{\"italic\":false,\"color\":\"light_purple\",\"text\":\"未知のレシピ\"}',Lore:['{\"font\":\"ui:recipe\",\"italic\":false,\"color\":\"white\",\"translate\":\"\\\\u3007\"}','{\"text\":\"\"}','{\"text\":\"\"}','{\"text\":\"\"}','{\"text\":\"\"}','{\"text\":\"\"}','{\"text\":\"\"}']}}"}]},
                {"type": "item","name": "minecraft:book","weight": 1,"quality": 0,"functions": [{"function": "minecraft:set_nbt","tag": "{CustomModelData:150003,display:{Name:'{\"italic\":false,\"color\":\"light_purple\",\"text\":\"未知のレシピ\"}',Lore:['{\"font\":\"ui:recipe\",\"italic\":false,\"color\":\"white\",\"translate\":\"\\\\u3008\"}','{\"text\":\"\"}','{\"text\":\"\"}','{\"text\":\"\"}','{\"text\":\"\"}','{\"text\":\"\"}','{\"text\":\"\"}']}}"}]},
                {"type": "item","name": "minecraft:book","weight": 1,"quality": 0,"functions": [{"function": "minecraft:set_nbt","tag": "{CustomModelData:150003,display:{Name:'{\"italic\":false,\"color\":\"light_purple\",\"text\":\"未知のレシピ\"}',Lore:['{\"font\":\"ui:recipe\",\"italic\":false,\"color\":\"white\",\"translate\":\"\\\\u3009\"}','{\"text\":\"\"}','{\"text\":\"\"}','{\"text\":\"\"}','{\"text\":\"\"}','{\"text\":\"\"}','{\"text\":\"\"}']}}"}]},
                {"type": "item","name": "minecraft:book","weight": 1,"quality": 0,"functions": [{"function": "minecraft:set_nbt","tag": "{CustomModelData:150003,display:{Name:'{\"italic\":false,\"color\":\"light_purple\",\"text\":\"未知のレシピ\"}',Lore:['{\"font\":\"ui:recipe\",\"italic\":false,\"color\":\"white\",\"translate\":\"\\\\u3010\"}','{\"text\":\"\"}','{\"text\":\"\"}','{\"text\":\"\"}','{\"text\":\"\"}','{\"text\":\"\"}','{\"text\":\"\"}']}}"}]},
                {"type": "item","name": "minecraft:book","weight": 1,"quality": 0,"functions": [{"function": "minecraft:set_nbt","tag": "{CustomModelData:150003,display:{Name:'{\"italic\":false,\"color\":\"light_purple\",\"text\":\"未知のレシピ\"}',Lore:['{\"font\":\"ui:recipe\",\"italic\":false,\"color\":\"white\",\"translate\":\"\\\\u3011\"}','{\"text\":\"\"}','{\"text\":\"\"}','{\"text\":\"\"}','{\"text\":\"\"}','{\"text\":\"\"}','{\"text\":\"\"}']}}"}]},
                {"type": "item","name": "minecraft:book","weight": 1,"quality": 0,"functions": [{"function": "minecraft:set_nbt","tag": "{CustomModelData:150003,display:{Name:'{\"italic\":false,\"color\":\"light_purple\",\"text\":\"未知のレシピ\"}',Lore:['{\"font\":\"ui:recipe\",\"italic\":false,\"color\":\"white\",\"translate\":\"\\\\u3012\"}','{\"text\":\"\"}','{\"text\":\"\"}','{\"text\":\"\"}','{\"text\":\"\"}','{\"text\":\"\"}','{\"text\":\"\"}']}}"}]},
                {"type": "item","name": "minecraft:book","weight": 1,"quality": 0,"functions": [{"function": "minecraft:set_nbt","tag": "{CustomModelData:150003,display:{Name:'{\"italic\":false,\"color\":\"light_purple\",\"text\":\"未知のレシピ\"}',Lore:['{\"font\":\"ui:recipe\",\"italic\":false,\"color\":\"white\",\"translate\":\"\\\\u3013\"}','{\"text\":\"\"}','{\"text\":\"\"}','{\"text\":\"\"}','{\"text\":\"\"}','{\"text\":\"\"}','{\"text\":\"\"}']}}"}]},
                {"type": "item","name": "minecraft:book","weight": 1,"quality": 0,"functions": [{"function": "minecraft:set_nbt","tag": "{CustomModelData:150003,display:{Name:'{\"italic\":false,\"color\":\"light_purple\",\"text\":\"未知のレシピ\"}',Lore:['{\"font\":\"ui:recipe\",\"italic\":false,\"color\":\"white\",\"translate\":\"\\\\u3014\"}','{\"text\":\"\"}','{\"text\":\"\"}','{\"text\":\"\"}','{\"text\":\"\"}','{\"text\":\"\"}','{\"text\":\"\"}']}}"}]},
                {"type": "item","name": "minecraft:book","weight": 1,"quality": 0,"functions": [{"function": "minecraft:set_nbt","tag": "{CustomModelData:150003,display:{Name:'{\"italic\":false,\"color\":\"light_purple\",\"text\":\"未知のレシピ\"}',Lore:['{\"font\":\"ui:recipe\",\"italic\":false,\"color\":\"white\",\"translate\":\"\\\\u3015\"}','{\"text\":\"\"}','{\"text\":\"\"}','{\"text\":\"\"}','{\"text\":\"\"}','{\"text\":\"\"}','{\"text\":\"\"}']}}"}]},
                {"type": "item","name": "minecraft:book","weight": 1,"quality": 0,"functions": [{"function": "minecraft:set_nbt","tag": "{CustomModelData:150003,display:{Name:'{\"italic\":false,\"color\":\"light_purple\",\"text\":\"未知のレシピ\"}',Lore:['{\"font\":\"ui:recipe\",\"italic\":false,\"color\":\"white\",\"translate\":\"\\\\u3016\"}','{\"text\":\"\"}','{\"text\":\"\"}','{\"text\":\"\"}','{\"text\":\"\"}','{\"text\":\"\"}','{\"text\":\"\"}']}}"}]},
                {"type": "item","name": "minecraft:book","weight": 1,"quality": 0,"functions": [{"function": "minecraft:set_nbt","tag": "{CustomModelData:150003,display:{Name:'{\"italic\":false,\"color\":\"light_purple\",\"text\":\"未知のレシピ\"}',Lore:['{\"font\":\"ui:recipe\",\"italic\":false,\"color\":\"white\",\"translate\":\"\\\\u3017\"}','{\"text\":\"\"}','{\"text\":\"\"}','{\"text\":\"\"}','{\"text\":\"\"}','{\"text\":\"\"}','{\"text\":\"\"}']}}"}]},
                {"type": "item","name": "minecraft:book","weight": 1,"quality": 0,"functions": [{"function": "minecraft:set_nbt","tag": "{CustomModelData:150003,display:{Name:'{\"italic\":false,\"color\":\"light_purple\",\"text\":\"未知のレシピ\"}',Lore:['{\"font\":\"ui:recipe\",\"italic\":false,\"color\":\"white\",\"translate\":\"\\\\u3018\"}','{\"text\":\"\"}','{\"text\":\"\"}','{\"text\":\"\"}','{\"text\":\"\"}','{\"text\":\"\"}','{\"text\":\"\"}']}}"}]},
                {"type": "item","name": "minecraft:book","weight": 1,"quality": 0,"functions": [{"function": "minecraft:set_nbt","tag": "{CustomModelData:150003,display:{Name:'{\"italic\":false,\"color\":\"light_purple\",\"text\":\"未知のレシピ\"}',Lore:['{\"font\":\"ui:recipe\",\"italic\":false,\"color\":\"white\",\"translate\":\"\\\\u3019\"}','{\"text\":\"\"}','{\"text\":\"\"}','{\"text\":\"\"}','{\"text\":\"\"}','{\"text\":\"\"}','{\"text\":\"\"}']}}"}]},
                {"type": "item","name": "minecraft:book","weight": 1,"quality": 0,"functions": [{"function": "minecraft:set_nbt","tag": "{CustomModelData:150003,display:{Name:'{\"italic\":false,\"color\":\"light_purple\",\"text\":\"未知のレシピ\"}',Lore:['{\"font\":\"ui:recipe\",\"italic\":false,\"color\":\"white\",\"translate\":\"\\\\u3020\"}','{\"text\":\"\"}','{\"text\":\"\"}','{\"text\":\"\"}','{\"text\":\"\"}','{\"text\":\"\"}','{\"text\":\"\"}']}}"}]},
                {"type": "item","name": "minecraft:book","weight": 1,"quality": 0,"functions": [{"function": "minecraft:set_nbt","tag": "{CustomModelData:150003,display:{Name:'{\"italic\":false,\"color\":\"light_purple\",\"text\":\"未知のレシピ\"}',Lore:['{\"font\":\"ui:recipe\",\"italic\":false,\"color\":\"white\",\"translate\":\"\\\\u3021\"}','{\"text\":\"\"}','{\"text\":\"\"}','{\"text\":\"\"}','{\"text\":\"\"}','{\"text\":\"\"}','{\"text\":\"\"}']}}"}]},
                {"type": "item","name": "minecraft:book","weight": 1,"quality": 0,"functions": [{"function": "minecraft:set_nbt","tag": "{CustomModelData:150003,display:{Name:'{\"italic\":false,\"color\":\"light_purple\",\"text\":\"未知のレシピ\"}',Lore:['{\"font\":\"ui:recipe\",\"italic\":false,\"color\":\"white\",\"translate\":\"\\\\u3022\"}','{\"text\":\"\"}','{\"text\":\"\"}','{\"text\":\"\"}','{\"text\":\"\"}','{\"text\":\"\"}','{\"text\":\"\"}']}}"}]},
                {"type": "item","name": "minecraft:book","weight": 1,"quality": 0,"functions": [{"function": "minecraft:set_nbt","tag": "{CustomModelData:150003,display:{Name:'{\"italic\":false,\"color\":\"light_purple\",\"text\":\"未知のレシピ\"}',Lore:['{\"font\":\"ui:recipe\",\"italic\":false,\"color\":\"white\",\"translate\":\"\\\\u3023\"}','{\"text\":\"\"}','{\"text\":\"\"}','{\"text\":\"\"}','{\"text\":\"\"}','{\"text\":\"\"}','{\"text\":\"\"}']}}"}]},
                {"type": "item","name": "minecraft:book","weight": 1,"quality": 0,"functions": [{"function": "minecraft:set_nbt","tag": "{CustomModelData:150003,display:{Name:'{\"italic\":false,\"color\":\"light_purple\",\"text\":\"未知のレシピ\"}',Lore:['{\"font\":\"ui:recipe\",\"italic\":false,\"color\":\"white\",\"translate\":\"\\\\u3024\"}','{\"text\":\"\"}','{\"text\":\"\"}','{\"text\":\"\"}','{\"text\":\"\"}','{\"text\":\"\"}','{\"text\":\"\"}']}}"}]},
                {"type": "item","name": "minecraft:book","weight": 1,"quality": 0,"functions": [{"function": "minecraft:set_nbt","tag": "{CustomModelData:150003,display:{Name:'{\"italic\":false,\"color\":\"light_purple\",\"text\":\"未知のレシピ\"}',Lore:['{\"font\":\"ui:recipe\",\"italic\":false,\"color\":\"white\",\"translate\":\"\\\\u3025\"}','{\"text\":\"\"}','{\"text\":\"\"}','{\"text\":\"\"}','{\"text\":\"\"}','{\"text\":\"\"}','{\"text\":\"\"}']}}"}]},
                {"type": "item","name": "minecraft:book","weight": 1,"quality": 0,"functions": [{"function": "minecraft:set_nbt","tag": "{CustomModelData:150003,display:{Name:'{\"italic\":false,\"color\":\"light_purple\",\"text\":\"未知のレシピ\"}',Lore:['{\"font\":\"ui:recipe\",\"italic\":false,\"color\":\"white\",\"translate\":\"\\\\u3026\"}','{\"text\":\"\"}','{\"text\":\"\"}','{\"text\":\"\"}','{\"text\":\"\"}','{\"text\":\"\"}','{\"text\":\"\"}']}}"}]},
                {"type": "item","name": "minecraft:book","weight": 1,"quality": 0,"functions": [{"function": "minecraft:set_nbt","tag": "{CustomModelData:150003,display:{Name:'{\"italic\":false,\"color\":\"light_purple\",\"text\":\"未知のレシピ\"}',Lore:['{\"font\":\"ui:recipe\",\"italic\":false,\"color\":\"white\",\"translate\":\"\\\\u3027\"}','{\"text\":\"\"}','{\"text\":\"\"}','{\"text\":\"\"}','{\"text\":\"\"}','{\"text\":\"\"}','{\"text\":\"\"}']}}"}]},
                {"type": "item","name": "minecraft:book","weight": 1,"quality": 0,"functions": [{"function": "minecraft:set_nbt","tag": "{CustomModelData:150003,display:{Name:'{\"italic\":false,\"color\":\"light_purple\",\"text\":\"未知のレシピ\"}',Lore:['{\"font\":\"ui:recipe\",\"italic\":false,\"color\":\"white\",\"translate\":\"\\\\u3028\"}','{\"text\":\"\"}','{\"text\":\"\"}','{\"text\":\"\"}','{\"text\":\"\"}','{\"text\":\"\"}','{\"text\":\"\"}']}}"}]}
            ]
        }
    ]
}