{
    "pools": [
        {
            "rolls": {
                "min": 1,
                "max": 1
            },
            "entries": [
                {"type": "item","name": "minecraft:book","weight": 1,"quality": 0,"functions": [{"function": "minecraft:set_nbt","tag": "{CustomModelData:150004,display:{Name:'{\"italic\":false,\"color\":\"green\",\"text\":\"神秘のレシピ\"}',Lore:['{\"font\":\"ui:recipe\",\"italic\":false,\"color\":\"white\",\"translate\":\"\\\\u4001\"}','{\"text\":\"\"}','{\"text\":\"\"}','{\"text\":\"\"}','{\"text\":\"\"}','{\"text\":\"\"}','{\"text\":\"\"}']}}"}]},
                {"type": "item","name": "minecraft:book","weight": 1,"quality": 0,"functions": [{"function": "minecraft:set_nbt","tag": "{CustomModelData:150004,display:{Name:'{\"italic\":false,\"color\":\"green\",\"text\":\"神秘のレシピ\"}',Lore:['{\"font\":\"ui:recipe\",\"italic\":false,\"color\":\"white\",\"translate\":\"\\\\u4002\"}','{\"text\":\"\"}','{\"text\":\"\"}','{\"text\":\"\"}','{\"text\":\"\"}','{\"text\":\"\"}','{\"text\":\"\"}']}}"}]},
                {"type": "item","name": "minecraft:book","weight": 1,"quality": 0,"functions": [{"function": "minecraft:set_nbt","tag": "{CustomModelData:150004,display:{Name:'{\"italic\":false,\"color\":\"green\",\"text\":\"神秘のレシピ\"}',Lore:['{\"font\":\"ui:recipe\",\"italic\":false,\"color\":\"white\",\"translate\":\"\\\\u4003\"}','{\"text\":\"\"}','{\"text\":\"\"}','{\"text\":\"\"}','{\"text\":\"\"}','{\"text\":\"\"}','{\"text\":\"\"}']}}"}]},
                {"type": "item","name": "minecraft:book","weight": 1,"quality": 0,"functions": [{"function": "minecraft:set_nbt","tag": "{CustomModelData:150004,display:{Name:'{\"italic\":false,\"color\":\"green\",\"text\":\"神秘のレシピ\"}',Lore:['{\"font\":\"ui:recipe\",\"italic\":false,\"color\":\"white\",\"translate\":\"\\\\u4004\"}','{\"text\":\"\"}','{\"text\":\"\"}','{\"text\":\"\"}','{\"text\":\"\"}','{\"text\":\"\"}','{\"text\":\"\"}']}}"}]},
                {"type": "item","name": "minecraft:book","weight": 1,"quality": 0,"functions": [{"function": "minecraft:set_nbt","tag": "{CustomModelData:150004,display:{Name:'{\"italic\":false,\"color\":\"green\",\"text\":\"神秘のレシピ\"}',Lore:['{\"font\":\"ui:recipe\",\"italic\":false,\"color\":\"white\",\"translate\":\"\\\\u4005\"}','{\"text\":\"\"}','{\"text\":\"\"}','{\"text\":\"\"}','{\"text\":\"\"}','{\"text\":\"\"}','{\"text\":\"\"}']}}"}]},
                {"type": "item","name": "minecraft:book","weight": 1,"quality": 0,"functions": [{"function": "minecraft:set_nbt","tag": "{CustomModelData:150004,display:{Name:'{\"italic\":false,\"color\":\"green\",\"text\":\"神秘のレシピ\"}',Lore:['{\"font\":\"ui:recipe\",\"italic\":false,\"color\":\"white\",\"translate\":\"\\\\u4006\"}','{\"text\":\"\"}','{\"text\":\"\"}','{\"text\":\"\"}','{\"text\":\"\"}','{\"text\":\"\"}','{\"text\":\"\"}']}}"}]},
                {"type": "item","name": "minecraft:book","weight": 1,"quality": 0,"functions": [{"function": "minecraft:set_nbt","tag": "{CustomModelData:150004,display:{Name:'{\"italic\":false,\"color\":\"green\",\"text\":\"神秘のレシピ\"}',Lore:['{\"font\":\"ui:recipe\",\"italic\":false,\"color\":\"white\",\"translate\":\"\\\\u4007\"}','{\"text\":\"\"}','{\"text\":\"\"}','{\"text\":\"\"}','{\"text\":\"\"}','{\"text\":\"\"}','{\"text\":\"\"}']}}"}]},
                {"type": "item","name": "minecraft:book","weight": 1,"quality": 0,"functions": [{"function": "minecraft:set_nbt","tag": "{CustomModelData:150004,display:{Name:'{\"italic\":false,\"color\":\"green\",\"text\":\"神秘のレシピ\"}',Lore:['{\"font\":\"ui:recipe\",\"italic\":false,\"color\":\"white\",\"translate\":\"\\\\u4008\"}','{\"text\":\"\"}','{\"text\":\"\"}','{\"text\":\"\"}','{\"text\":\"\"}','{\"text\":\"\"}','{\"text\":\"\"}']}}"}]},
                {"type": "item","name": "minecraft:book","weight": 1,"quality": 0,"functions": [{"function": "minecraft:set_nbt","tag": "{CustomModelData:150004,display:{Name:'{\"italic\":false,\"color\":\"green\",\"text\":\"神秘のレシピ\"}',Lore:['{\"font\":\"ui:recipe\",\"italic\":false,\"color\":\"white\",\"translate\":\"\\\\u4009\"}','{\"text\":\"\"}','{\"text\":\"\"}','{\"text\":\"\"}','{\"text\":\"\"}','{\"text\":\"\"}','{\"text\":\"\"}']}}"}]},
                {"type": "item","name": "minecraft:book","weight": 1,"quality": 0,"functions": [{"function": "minecraft:set_nbt","tag": "{CustomModelData:150004,display:{Name:'{\"italic\":false,\"color\":\"green\",\"text\":\"神秘のレシピ\"}',Lore:['{\"font\":\"ui:recipe\",\"italic\":false,\"color\":\"white\",\"translate\":\"\\\\u4010\"}','{\"text\":\"\"}','{\"text\":\"\"}','{\"text\":\"\"}','{\"text\":\"\"}','{\"text\":\"\"}','{\"text\":\"\"}']}}"}]},
                {"type": "item","name": "minecraft:book","weight": 1,"quality": 0,"functions": [{"function": "minecraft:set_nbt","tag": "{CustomModelData:150004,display:{Name:'{\"italic\":false,\"color\":\"green\",\"text\":\"神秘のレシピ\"}',Lore:['{\"font\":\"ui:recipe\",\"italic\":false,\"color\":\"white\",\"translate\":\"\\\\u4011\"}','{\"text\":\"\"}','{\"text\":\"\"}','{\"text\":\"\"}','{\"text\":\"\"}','{\"text\":\"\"}','{\"text\":\"\"}']}}"}]},
                {"type": "item","name": "minecraft:book","weight": 1,"quality": 0,"functions": [{"function": "minecraft:set_nbt","tag": "{CustomModelData:150004,display:{Name:'{\"italic\":false,\"color\":\"green\",\"text\":\"神秘のレシピ\"}',Lore:['{\"font\":\"ui:recipe\",\"italic\":false,\"color\":\"white\",\"translate\":\"\\\\u4012\"}','{\"text\":\"\"}','{\"text\":\"\"}','{\"text\":\"\"}','{\"text\":\"\"}','{\"text\":\"\"}','{\"text\":\"\"}']}}"}]},
                {"type": "item","name": "minecraft:book","weight": 1,"quality": 0,"functions": [{"function": "minecraft:set_nbt","tag": "{CustomModelData:150004,display:{Name:'{\"italic\":false,\"color\":\"green\",\"text\":\"神秘のレシピ\"}',Lore:['{\"font\":\"ui:recipe\",\"italic\":false,\"color\":\"white\",\"translate\":\"\\\\u4013\"}','{\"text\":\"\"}','{\"text\":\"\"}','{\"text\":\"\"}','{\"text\":\"\"}','{\"text\":\"\"}','{\"text\":\"\"}']}}"}]},
                {"type": "item","name": "minecraft:book","weight": 1,"quality": 0,"functions": [{"function": "minecraft:set_nbt","tag": "{CustomModelData:150004,display:{Name:'{\"italic\":false,\"color\":\"green\",\"text\":\"神秘のレシピ\"}',Lore:['{\"font\":\"ui:recipe\",\"italic\":false,\"color\":\"white\",\"translate\":\"\\\\u4014\"}','{\"text\":\"\"}','{\"text\":\"\"}','{\"text\":\"\"}','{\"text\":\"\"}','{\"text\":\"\"}','{\"text\":\"\"}']}}"}]},
                {"type": "item","name": "minecraft:book","weight": 1,"quality": 0,"functions": [{"function": "minecraft:set_nbt","tag": "{CustomModelData:150004,display:{Name:'{\"italic\":false,\"color\":\"green\",\"text\":\"神秘のレシピ\"}',Lore:['{\"font\":\"ui:recipe\",\"italic\":false,\"color\":\"white\",\"translate\":\"\\\\u4015\"}','{\"text\":\"\"}','{\"text\":\"\"}','{\"text\":\"\"}','{\"text\":\"\"}','{\"text\":\"\"}','{\"text\":\"\"}']}}"}]},
                {"type": "item","name": "minecraft:book","weight": 1,"quality": 0,"functions": [{"function": "minecraft:set_nbt","tag": "{CustomModelData:150004,display:{Name:'{\"italic\":false,\"color\":\"green\",\"text\":\"神秘のレシピ\"}',Lore:['{\"font\":\"ui:recipe\",\"italic\":false,\"color\":\"white\",\"translate\":\"\\\\u4016\"}','{\"text\":\"\"}','{\"text\":\"\"}','{\"text\":\"\"}','{\"text\":\"\"}','{\"text\":\"\"}','{\"text\":\"\"}']}}"}]}
            ]
        }
    ]
}