{
    "pools": [
        {
            "rolls": {
                "min": 1,
                "max": 1
            },
            "entries": [
                {"type": "item","name": "minecraft:book","weight": 1,"quality": 0,"functions": [{"function": "minecraft:set_nbt","tag": "{tmw:{id:229,type:1},CustomModelData:150005,display:{Name:'{\"italic\":false,\"color\":\"gold\",\"text\":\"伝説のレシピ\"}',Lore:['{\"font\":\"ui:recipe\",\"italic\":false,\"color\":\"white\",\"translate\":\"\\\\u5001\"}','{\"text\":\"\"}','{\"text\":\"\"}','{\"text\":\"\"}','{\"text\":\"\"}','{\"text\":\"\"}','{\"text\":\"\"}']}}"}]},
                {"type": "item","name": "minecraft:book","weight": 1,"quality": 0,"functions": [{"function": "minecraft:set_nbt","tag": "{tmw:{id:229,type:2},CustomModelData:150005,display:{Name:'{\"italic\":false,\"color\":\"gold\",\"text\":\"伝説のレシピ\"}',Lore:['{\"font\":\"ui:recipe\",\"italic\":false,\"color\":\"white\",\"translate\":\"\\\\u5002\"}','{\"text\":\"\"}','{\"text\":\"\"}','{\"text\":\"\"}','{\"text\":\"\"}','{\"text\":\"\"}','{\"text\":\"\"}']}}"}]},
                {"type": "item","name": "minecraft:book","weight": 1,"quality": 0,"functions": [{"function": "minecraft:set_nbt","tag": "{tmw:{id:229,type:3},CustomModelData:150005,display:{Name:'{\"italic\":false,\"color\":\"gold\",\"text\":\"伝説のレシピ\"}',Lore:['{\"font\":\"ui:recipe\",\"italic\":false,\"color\":\"white\",\"translate\":\"\\\\u5003\"}','{\"text\":\"\"}','{\"text\":\"\"}','{\"text\":\"\"}','{\"text\":\"\"}','{\"text\":\"\"}','{\"text\":\"\"}']}}"}]},
                {"type": "item","name": "minecraft:book","weight": 1,"quality": 0,"functions": [{"function": "minecraft:set_nbt","tag": "{tmw:{id:229,type:4},CustomModelData:150005,display:{Name:'{\"italic\":false,\"color\":\"gold\",\"text\":\"伝説のレシピ\"}',Lore:['{\"font\":\"ui:recipe\",\"italic\":false,\"color\":\"white\",\"translate\":\"\\\\u5004\"}','{\"text\":\"\"}','{\"text\":\"\"}','{\"text\":\"\"}','{\"text\":\"\"}','{\"text\":\"\"}','{\"text\":\"\"}']}}"}]},
                {"type": "item","name": "minecraft:book","weight": 1,"quality": 0,"functions": [{"function": "minecraft:set_nbt","tag": "{tmw:{id:229,type:5},CustomModelData:150005,display:{Name:'{\"italic\":false,\"color\":\"gold\",\"text\":\"伝説のレシピ\"}',Lore:['{\"font\":\"ui:recipe\",\"italic\":false,\"color\":\"white\",\"translate\":\"\\\\u5005\"}','{\"text\":\"\"}','{\"text\":\"\"}','{\"text\":\"\"}','{\"text\":\"\"}','{\"text\":\"\"}','{\"text\":\"\"}']}}"}]},
                {"type": "item","name": "minecraft:book","weight": 1,"quality": 0,"functions": [{"function": "minecraft:set_nbt","tag": "{tmw:{id:229,type:6},CustomModelData:150005,display:{Name:'{\"italic\":false,\"color\":\"gold\",\"text\":\"伝説のレシピ\"}',Lore:['{\"font\":\"ui:recipe\",\"italic\":false,\"color\":\"white\",\"translate\":\"\\\\u5006\"}','{\"text\":\"\"}','{\"text\":\"\"}','{\"text\":\"\"}','{\"text\":\"\"}','{\"text\":\"\"}','{\"text\":\"\"}']}}"}]},
                {"type": "item","name": "minecraft:book","weight": 1,"quality": 0,"functions": [{"function": "minecraft:set_nbt","tag": "{tmw:{id:229,type:7},CustomModelData:150005,display:{Name:'{\"italic\":false,\"color\":\"gold\",\"text\":\"伝説のレシピ\"}',Lore:['{\"font\":\"ui:recipe\",\"italic\":false,\"color\":\"white\",\"translate\":\"\\\\u5007\"}','{\"text\":\"\"}','{\"text\":\"\"}','{\"text\":\"\"}','{\"text\":\"\"}','{\"text\":\"\"}','{\"text\":\"\"}']}}"}]},
                {"type": "item","name": "minecraft:book","weight": 1,"quality": 0,"functions": [{"function": "minecraft:set_nbt","tag": "{tmw:{id:229,type:8},CustomModelData:150005,display:{Name:'{\"italic\":false,\"color\":\"gold\",\"text\":\"伝説のレシピ\"}',Lore:['{\"font\":\"ui:recipe\",\"italic\":false,\"color\":\"white\",\"translate\":\"\\\\u5008\"}','{\"text\":\"\"}','{\"text\":\"\"}','{\"text\":\"\"}','{\"text\":\"\"}','{\"text\":\"\"}','{\"text\":\"\"}']}}"}]},
                {"type": "item","name": "minecraft:book","weight": 1,"quality": 0,"functions": [{"function": "minecraft:set_nbt","tag": "{tmw:{id:229,type:9},CustomModelData:150005,display:{Name:'{\"italic\":false,\"color\":\"gold\",\"text\":\"伝説のレシピ\"}',Lore:['{\"font\":\"ui:recipe\",\"italic\":false,\"color\":\"white\",\"translate\":\"\\\\u5009\"}','{\"text\":\"\"}','{\"text\":\"\"}','{\"text\":\"\"}','{\"text\":\"\"}','{\"text\":\"\"}','{\"text\":\"\"}']}}"}]}
            ]
        }
    ]
}