{
    "pools": [
        {
            "rolls": 1,
            "entries": [
                {
                    "type": "loot_table",
                    "name": "ui:recipe/1",
                    "weight": 50
                },
                {
                    "type": "loot_table",
                    "name": "ui:recipe/2",
                    "weight": 25
                },
                {
                    "type": "loot_table",
                    "name": "ui:recipe/3",
                    "weight": 14
                },
                {
                    "type": "loot_table",
                    "name": "ui:recipe/4",
                    "weight": 7
                },
                {
                    "type": "loot_table",
                    "name": "ui:recipe/5",
                    "weight": 4
                }
            ]
        }
    ]
}