{
    "pools": [
        {
            "rolls": {
                "min": 1,
                "max": 1
            },
            "bonus_rolls": {
                "min": 0,
                "max": 1
            },
            "entries": [
                {
                    "type": "loot_table",
                    "name": "ui:recipe/2",
                    "weight": 3
                },
                {
                    "type": "loot_table",
                    "name": "ui:recipe/3",
                    "weight": 2
                },
                {
                    "type": "loot_table",
                    "name": "ui:recipe/4",
                    "weight": 1
                }
            ]
        }
    ]
}