[
  {
    "function": "minecraft:set_name",
    "entity": "this",
    "name": [
      {
        "italic": false,
        "color": "white",
        "nbt": "temp.name",
        "storage": "ui:gun"
      },
      {
        "italic": false,
        "color": "gray",
        "text": " ["
      },
      {
        "italic": false,
        "color": "aqua",
        "score": {
          "name": "$ammo",
          "objective": "ui_temp"
        }
      },
      {
        "italic": false,
        "color": "gray",
        "text": "]"
      }
    ]
  }
]
