{
  "type": "minecraft:gift",
  "pools": [
    {
      "rolls": 1,
      "entries": [
        {
          "type": "minecraft:item",
          "name": "minecraft:stone_pickaxe"
        },
        {
          "type": "minecraft:item",
          "name": "minecraft:stone_axe"
        },
        {
          "type": "minecraft:item",
          "name": "minecraft:stone_hoe"
        },
        {
          "type": "minecraft:item",
          "name": "minecraft:stone_shovel"
        }
      ]
    }
  ]
}