{
    "values":[
        {"id":"minecraft:amethyst_cluster","required":false},
        {"id":"minecraft:azalea","required":false},
        {"id":"minecraft:big_dripleaf","required":false},
        {"id":"minecraft:flowering_azalea","required":false},
        {"id":"minecraft:large_amethyst_bud","required":false},
        {"id":"minecraft:medium_amethyst_bud","required":false},
        {"id":"minecraft:small_amethyst_bud","required":false},
        {"id":"#minecraft:candle_cakes","required":false},
        {"id":"#minecraft:candles","required":false}
    ]
}