{
  "pools": [
    {
      "rolls": 1,
      "entries": [
        {"type": "item","name": "minecraft:carrot_on_a_stick","weight": 1,"quality": 0,"functions": [{"function": "minecraft:set_nbt","tag": "{CustomModelData:180081,tmw:{id:255,type:1,enableUse:1,enableQ:1,gun:{Name:\"クリスタルアトリエ\",HoldItemType:1,ScoreReload:1,ScoreReloadAmount:0,Mass:100,Magazine:1,MaxSize:0,ShotCT:10,BurstCT:600,Burst:1,FireID:147,ReloadType:3,ReloadMax:12,ReloadID:-3,ReloadCost:0,ImmidiatelyFire:1,ChangedType:1,now:{CustomCount:1,Speed:0.2,Attack:5,AttackSpeed:-0.6,Info:-1,CustomStats:1}},main:{Spread:-99999,AirSpread:-99999,MultiShot:1,Barrel:250},bullet:{NoShot:1,Sound:0,Muzzle:0},bullets:[]},display:{Name:'{\"text\":\"クリスタルアトリエ\",\"color\":\"white\",\"italic\":false}',Lore:['{\"text\":\"黒い沈黙の装備の一つ\",\"color\":\"gray\",\"italic\":false}','{\"text\":\"二連続で居合切りを行う\",\"color\":\"gray\",\"italic\":false}']}}"}]}
      ]
    }
  ]
}
