{
    "values": [
        "minecraft:acacia_sapling",
        "minecraft:air",
        "minecraft:attached_melon_stem",
        "minecraft:attached_pumpkin_stem",
        "minecraft:bamboo_sapling",
        "minecraft:birch_sapling",
        "minecraft:brown_mushroom",
        "minecraft:cave_air",
        "minecraft:cobweb",
        "minecraft:crimson_fungus",
        "minecraft:crimson_roots",
        "minecraft:dark_oak_sapling",
        "minecraft:dead_brain_coral",
        "minecraft:dead_brain_coral_fan",
        "minecraft:dead_brain_coral_wall_fan",
        "minecraft:dead_bubble_coral",
        "minecraft:dead_bubble_coral_fan",
        "minecraft:dead_bubble_coral_wall_fan",
        "minecraft:dead_bush",
        "minecraft:dead_fire_coral",
        "minecraft:dead_fire_coral_fan",
        "minecraft:dead_fire_coral_wall_fan",
        "minecraft:dead_horn_coral",
        "minecraft:dead_horn_coral_fan",
        "minecraft:dead_horn_coral_wall_fan",
        "minecraft:dead_tube_coral",
        "minecraft:dead_tube_coral_fan",
        "minecraft:dead_tube_coral_wall_fan",
        "minecraft:fern",
        "minecraft:grass",
        "minecraft:jungle_sapling",
        "minecraft:kelp",
        "minecraft:kelp_plant",
        "minecraft:large_fern",
        "minecraft:lava",
        "minecraft:lever",
        "minecraft:nether_sprouts",
        "minecraft:nether_wart",
        "minecraft:oak_sapling",
        "minecraft:red_mushroom",
        "minecraft:redstone_torch",
        "minecraft:redstone_wall_torch",
        "minecraft:redstone_wire",
        "minecraft:scaffolding",
        "minecraft:seagrass",
        "minecraft:soul_torch",
        "minecraft:soul_wall_torch",
        "minecraft:spruce_sapling",
        "minecraft:structure_void",
        "minecraft:sugar_cane",
        "minecraft:sweet_berry_bush",
        "minecraft:tall_grass",
        "minecraft:tall_seagrass",
        "minecraft:torch",
        "minecraft:tripwire",
        "minecraft:tripwire_hook",
        "minecraft:twisting_vines",
        "minecraft:twisting_vines_plant",
        "minecraft:vine",
        "minecraft:void_air",
        "minecraft:wall_torch",
        "minecraft:warped_fungus",
        "minecraft:warped_roots",
        "minecraft:water",
        "minecraft:weeping_vines",
        "minecraft:weeping_vines_plant",
        "#minecraft:banners",
        "#minecraft:buttons",
        "#minecraft:corals",
        "#minecraft:crops",
        "#minecraft:fire",
        "#minecraft:flowers",
        "#minecraft:portals",
        "#minecraft:pressure_plates",
        "#minecraft:rails",
        "#minecraft:standing_signs",
        "#minecraft:wall_corals",
        "#minecraft:wall_signs",

        {"id":"minecraft:big_dripleaf_stem","required":false},
        {"id":"minecraft:cave_vines","required":false},
        {"id":"minecraft:cave_vines_plant","required":false},
        {"id":"minecraft:glow_lichen","required":false},
        {"id":"minecraft:light","required":false},
        {"id":"minecraft:hanging_roots","required":false},
        {"id":"minecraft:powder_snow","required":false},
        {"id":"minecraft:sculk_vein","required":false},
        {"id":"minecraft:small_dripleaf","required":false},
        {"id":"minecraft:spore_blossom","required":false},

        {"id":"minecraft:frogspawn","required":false},
        {"id":"minecraft:mangrove_propagule","required":false},

        {"id":"#minecraft:ceiling_hanging_signs","required":false}
    ]
}