{
    "values": [
        "minecraft:bell",
        "minecraft:brewing_stand",
        "minecraft:cactus",
        "minecraft:cake",
        "minecraft:cauldron",
        "minecraft:chorus_plant",
        "minecraft:cocoa",
        "minecraft:composter",
        "minecraft:conduit",
        "minecraft:grindstone",
        "minecraft:honey_block",
        "minecraft:hopper",
        "minecraft:ladder",
        "minecraft:lectern",
        "minecraft:lily_pad",
        "minecraft:piston_head",
        "minecraft:piston",
        "minecraft:sea_pickle",
        "minecraft:snow",
        "minecraft:turtle_egg",
        "#minecraft:anvil",
        "#minecraft:beds",

        {"id":"minecraft:amethyst_cluster","required":false},
        {"id":"minecraft:azalea","required":false},
        {"id":"minecraft:big_dripleaf","required":false},
        {"id":"minecraft:flowering_azalea","required":false},
        {"id":"minecraft:large_amethyst_bud","required":false},
        {"id":"minecraft:medium_amethyst_bud","required":false},
        {"id":"minecraft:small_amethyst_bud","required":false},
        {"id":"#minecraft:candle_cakes","required":false},
        {"id":"#minecraft:candles","required":false},
        {"id":"#minecraft:cauldrons","required":false},

        {"id":"minecraft:decorated_pot","required":false},
        {"id":"minecraft:piglin_wall_head","required":false},
        {"id":"minecraft:sniffer_egg","required":false},
        {"id":"#minecraft:wall_hanging_signs","required":false}
    ]
}