{
  "type": "minecraft:chest",
  "pools": [
    {
      "rolls": 1,
      "entries": [
        {
          "type": "minecraft:item",
          "functions": [
            {
              "function": "minecraft:exploration_map",
              "decoration": "red_x",
              "zoom": 1,
              "skip_existing_chunks": false
            }
          ],
          "name": "minecraft:map"
        }
      ]
    },
    {
      "rolls": 3,
      "entries": [
        {
          "type": "minecraft:item",
          "name": "minecraft:compass"
        },
        {
          "type": "minecraft:item",
          "name": "minecraft:map"
        },
        {
          "type": "minecraft:item",
          "name": "minecraft:clock"
        },
        {
          "type": "minecraft:item",
          "weight": 20,
          "functions": [
            {
              "function": "minecraft:set_count",
              "count": {
                "min": 1.0,
                "max": 10.0,
                "type": "minecraft:uniform"
              }
            }
          ],
          "name": "minecraft:paper"
        },
        {
          "type": "minecraft:item",
          "weight": 10,
          "functions": [
            {
              "function": "minecraft:set_count",
              "count": {
                "min": 1.0,
                "max": 5.0,
                "type": "minecraft:uniform"
              }
            }
          ],
          "name": "minecraft:feather"
        },
        {
          "type": "minecraft:item",
          "weight": 5,
          "functions": [
            {
              "function": "minecraft:set_count",
              "count": {
                "min": 1.0,
                "max": 5.0,
                "type": "minecraft:uniform"
              }
            }
          ],
          "name": "minecraft:book"
        }
      ]
    },
    {
      "rolls": {
        "min": 1,
        "max": 3
      },
      "entries": [
        {
          "type": "item",
          "name": "minecraft:stray_spawn_egg",
          "weight": 1,
          "quality": 0,
          "functions": [
            {
              "function": "minecraft:set_nbt",
              "tag": "{CustomModelData:131003,display:{Name:'{\"italic\":false,\"color\":\"aqua\",\"text\":\"隠れたレシピ\"}',Lore:['[{\"italic\":false,\"color\":\"gray\",\"text\":\"<内容物>\"}]','[{\"italic\":false,\"color\":\"gray\",\"text\":\" ・謎のレシピ\"}]','[{\"italic\":false,\"color\":\"gray\",\"text\":\" ・不思議なレシピ\"}]','[{\"italic\":false,\"color\":\"gray\",\"text\":\" ・未知のレシピ\"}]']},EntityTag:{id:\"minecraft:bat\",Silent:1b,NoAI:1b,Tags:[\"ui_egg_t\",\"ui_egg_t_1\"]}}"
            }
          ]
        }
      ]
    },
    {
      "rolls": 1,
      "entries": [
        {
          "type": "loot_table",
          "name": "ui:chest/tmw",
          "weight": 1,
          "quality": 0
        }
      ]
    }
  ]
}