{
  "parent": "ui:main/arrow/arrow11",
  "display": {
    "icon": {
      "item": "minecraft:tipped_arrow",
      "nbt": "{CustomPotionColor:3722375}"
    },
    "title": "エンダーアロー",
    "description": [
      {
        "font": "ui:recipe",
        "color": "white",
        "translate": "\u0212\n\n\n\n\n\n"
      }
    ],
    "frame": "task",
    "show_toast": true,
    "announce_to_chat": false,
    "hidden": false
  },
  "criteria": {
    "task1": {
      "trigger": "minecraft:inventory_changed",
      "conditions": {
        "items": [
          {
            "nbt": "{tmw:{arrow:12}}"
          }
        ]
      }
    }
  },
  "requirements": [
    ["task1"]
  ]
}