{
  "parent": "ui:dream/tmw219",
  "display": {
    "icon": {
      "item": "minecraft:skeleton_spawn_egg"
    },
    "title": "極めて有意義な訓練",
    "description": [
      {
        "text": "ダメージテスターに100ダメージ以上のコンボをお見舞いする"
      }
    ],
    "frame": "challenge",
    "show_toast": true,
    "announce_to_chat": true,
    "hidden": false
  },
  "criteria": {
    "task1": {
      "trigger": "minecraft:impossible"
    }
  },
  "requirements": [
    [
      "task1"
    ]
  ],
  "rewards": {
    "function": "ui:misc/advancements_bonus"
  }
}