{
  "parent": "ui:dream/kill_1",
  "display": {
    "icon": {
      "item": "minecraft:iron_ingot",
      "nbt": "{CustomModelData:211001}"
    },
    "title": "平穏を齎さんとする者",
    "description": "幽玄の王を倒し、塊を手に入れる",
    "frame": "task",
    "show_toast": true,
    "announce_to_chat": false,
    "hidden": false
  },
  "criteria": {
    "task1": {
      "trigger": "minecraft:inventory_changed",
      "conditions": {
        "items": [
          {
            "nbt": "{tmw:{id:1004}}"
          }
        ]
      }
    }
  },
  "requirements": [
    ["task1"]
  ]
}