{
  "parent": "ui:dream/root",
  "display": {
    "icon": {
      "item": "minecraft:iron_nugget",
      "nbt": "{CustomModelData:212001}"
    },
    "title": "平穏を乱す者",
    "description": "幽鬼を倒し、欠片を手に入れる",
    "frame": "task",
    "show_toast": true,
    "announce_to_chat": false,
    "hidden": false
  },
  "criteria": {
    "task1": {
      "trigger": "minecraft:inventory_changed",
      "conditions": {
        "items": [
          {
            "nbt": "{tmw:{id:1003}}"
          }
        ]
      }
    }
  },
  "requirements": [
    ["task1"]
  ]
}