{
  "display": {
    "icon": {
      "item": "minecraft:grass_block",
      "nbt": "{CustomModelData:210002}"
    },
    "title": "幽玄の園",
    "description": "危険な旅行",
    "frame": "task",
    "show_toast": false,
    "announce_to_chat": false,
    "hidden": false,
    "background": "minecraft:textures/block/grass_block_top.png"
  },
  "criteria": {
    "entered_dream": {
      "trigger": "minecraft:changed_dimension",
      "conditions": {
        "to": "ui:dream"
      }
    }
  },
  "requirements": [
    [
      "entered_dream"
    ]
  ]
}