{
  "parent": "ui:dream/tmw219",
  "display": {
    "icon": {
      "item": "minecraft:wooden_pickaxe",
      "nbt": "{CustomModelData:214001}"
    },
    "title": "どうして木材？",
    "description": "天銀掘りのツルハシを金床で修繕する",
    "frame": "task",
    "show_toast": true,
    "announce_to_chat": false,
    "hidden": false
  },
  "criteria": {
    "task1": {
      "trigger": "minecraft:inventory_changed",
      "conditions": {
        "items": [
          {
            "nbt": "{RepairCost:1,tmw:{id:219}}"
          }
        ]
      }
    }
  },
  "requirements": [
    ["task1"]
  ]
}