{
  "parent": "ui:dream/root",
  "display": {
    "icon": {
      "item": "minecraft:carrot_on_a_stick",
      "nbt": "{CustomModelData:110011}"
    },
    "title": "旅行の思い出",
    "description": "組立機でエーテリウムシューターを作る",
    "frame": "task",
    "show_toast": true,
    "announce_to_chat": false,
    "hidden": false
  },
  "criteria": {
    "task1": {
      "trigger": "minecraft:inventory_changed",
      "conditions": {
        "items": [
          {
            "nbt": "{tmw:{id:302}}"
          }
        ]
      }
    }
  },
  "requirements": [
    ["task1"]
  ]
}