{
  "type": "minecraft:chest",
  "pools": [
    {
      "rolls": {
        "min": 3.0,
        "max": 8.0,
        "type": "minecraft:uniform"
      },
      "entries": [
        {
          "type": "minecraft:item",
          "name": "minecraft:clay_ball"
        },
        {
          "type": "minecraft:item",
          "name": "minecraft:green_dye"
        },
        {
          "type": "minecraft:item",
          "weight": 10,
          "functions": [
            {
              "function": "minecraft:set_count",
              "count": {
                "min": 1.0,
                "max": 4.0,
                "type": "minecraft:uniform"
              }
            }
          ],
          "name": "minecraft:cactus"
        },
        {
          "type": "minecraft:item",
          "weight": 10,
          "functions": [
            {
              "function": "minecraft:set_count",
              "count": {
                "min": 1.0,
                "max": 7.0,
                "type": "minecraft:uniform"
              }
            }
          ],
          "name": "minecraft:wheat"
        },
        {
          "type": "minecraft:item",
          "weight": 10,
          "functions": [
            {
              "function": "minecraft:set_count",
              "count": {
                "min": 1.0,
                "max": 4.0,
                "type": "minecraft:uniform"
              }
            }
          ],
          "name": "minecraft:bread"
        },
        {
          "type": "minecraft:item",
          "name": "minecraft:book"
        },
        {
          "type": "minecraft:item",
          "weight": 2,
          "functions": [
            {
              "function": "minecraft:set_count",
              "count": {
                "min": 1.0,
                "max": 3.0,
                "type": "minecraft:uniform"
              }
            }
          ],
          "name": "minecraft:dead_bush"
        },
        {
          "type": "minecraft:item",
          "functions": [
            {
              "function": "minecraft:set_count",
              "count": {
                "min": 1.0,
                "max": 3.0,
                "type": "minecraft:uniform"
              }
            }
          ],
          "name": "minecraft:emerald"
        }
      ]
    },
    {
      "rolls": 1,
      "entries": [
        {
          "type": "item",
          "name": "minecraft:stray_spawn_egg",
          "weight": 1,
          "quality": 0,
          "functions": [
            {
              "function": "minecraft:set_nbt",
              "tag": "{CustomModelData:131003,display:{Name:'{\"italic\":false,\"color\":\"aqua\",\"text\":\"隠れたレシピ\"}',Lore:['[{\"italic\":false,\"color\":\"gray\",\"text\":\"<内容物>\"}]','[{\"italic\":false,\"color\":\"gray\",\"text\":\" ・謎のレシピ\"}]','[{\"italic\":false,\"color\":\"gray\",\"text\":\" ・不思議なレシピ\"}]','[{\"italic\":false,\"color\":\"gray\",\"text\":\" ・未知のレシピ\"}]']},EntityTag:{id:\"minecraft:bat\",Silent:1b,NoAI:1b,Tags:[\"ui_egg_t\",\"ui_egg_t_1\"]}}"
            }
          ]
        }
      ]
    }
  ]
}