{
  "type": "minecraft:chest",
  "pools": [
        {
            "rolls": 1,
            "entries": [
                {
                    "type": "item",
                    "name": "minecraft:stone_pickaxe",
                    "functions": [
                    	{
                    		"function": "minecraft:set_nbt",
                    		"tag": "{tmw:{id:201},display:{Name:'{\"italic\":false,\"color\":\"aqua\",\"text\":\"石の上級ツルハシ\"}'}}"
                    	}
                    ]
                }
            ]
        },
        {
            "rolls": 1,
            "entries": [
                {
                    "type": "item",
                    "name": "minecraft:stone_axe",
                    "functions": [
                    	{
                    		"function": "minecraft:set_nbt",
                    		"tag": "{tmw:{id:202},display:{Name:'{\"italic\":false,\"color\":\"aqua\",\"text\":\"石の上級斧\"}'}}"
                    	}
                    ]
                }
            ]
        },
        {
            "rolls": {
                "min": 3,
                "max": 3
            },
            "entries": [
                {
                    "type": "item",
                    "name": "minecraft:oak_log",
                    "weight": 1,
                    "functions": [
                        {
                            "function": "set_count",
                            "count": {
                                "min": 1,
                                "max": 2
                            }
                        }
                    ]
                },
                {
                    "type": "item",
                    "name": "minecraft:oak_planks",
                    "weight": 1,
                    "functions": [
                        {
                            "function": "set_count",
                            "count": {
                                "min": 2,
                                "max": 6
                            }
                        }
                    ]
                },
                {
                    "type": "item",
                    "name": "minecraft:stick",
                    "weight": 1,
                    "functions": [
                        {
                            "function": "set_count",
                            "count": {
                                "min": 4,
                                "max": 8
                            }
                        }
                    ]
                },
                {
                    "type": "item",
                    "name": "minecraft:apple",
                    "weight": 1,
                    "functions": [
                        {
                            "function": "set_count",
                            "count": {
                                "min": 1,
                                "max": 2
                            }
                        }
                    ]
                },
                {
                    "type": "item",
                    "name": "minecraft:cobblestone",
                    "weight": 1,
                    "functions": [
                        {
                            "function": "set_count",
                            "count": {
                                "min": 4,
                                "max": 8
                            }
                        }
                    ]
                }
            ]
        }
    ]
}