{
    "pools": [
        {
            "rolls": {
                "min": 12,
                "max": 20
            },
            "entries": [
                {
                    "type": "item",
                    "name": "minecraft:ender_eye",
                    "weight": 1,
                    "functions": [
                        {
                            "function": "set_count",
                            "count": {
                                "min": 4,
                                "max": 8
                            }
                        }
                    ]
                },
                {
                    "type": "item",
                    "name": "minecraft:prismarine_shard",
                    "weight": 1,
                    "functions": [
                        {
                            "function": "set_count",
                            "count": {
                                "min": 4,
                                "max": 12
                            }
                        }
                    ]
                },
                {
                    "type": "item",
                    "name": "minecraft:amethyst_shard",
                    "weight": 1,
                    "functions": [
                        {
                            "function": "set_count",
                            "count": {
                                "min": 4,
                                "max": 16
                            }
                        }
                    ]
                },
                {
                    "type": "item",
                    "name": "minecraft:copper_ingot",
                    "weight": 1,
                    "functions": [
                        {
                            "function": "set_count",
                            "count": {
                                "min": 4,
                                "max": 20
                            }
                        }
                    ]
                },
                {
                    "type": "item",
                    "name": "minecraft:emerald",
                    "weight": 1,
                    "functions": [
                        {
                            "function": "set_count",
                            "count": {
                                "min": 4,
                                "max": 12
                            }
                        }
                    ]
                },
                {
                    "type": "item",
                    "name": "minecraft:redstone",
                    "weight": 1,
                    "functions": [
                        {
                            "function": "set_count",
                            "count": {
                                "min": 4,
                                "max": 12
                            }
                        }
                    ]
                },
                {
                    "type": "item",
                    "name": "minecraft:quartz",
                    "weight": 1,
                    "functions": [
                        {
                            "function": "set_count",
                            "count": {
                                "min": 4,
                                "max": 12
                            }
                        }
                    ]
                },
                {
                    "type": "item",
                    "name": "minecraft:ender_pearl",
                    "weight": 1,
                    "functions": [
                        {
                            "function": "set_count",
                            "count": {
                                "min": 2,
                                "max": 8
                            }
                        }
                    ]
                },
                {
                    "type": "item",
                    "name": "minecraft:lapis_lazuli",
                    "weight": 1,
                    "functions": [
                        {
                            "function": "set_count",
                            "count": {
                                "min": 4,
                                "max": 12
                            }
                        }
                    ]
                },
                {
                    "type": "item",
                    "name": "minecraft:iron_ingot",
                    "weight": 1,
                    "functions": [
                        {
                            "function": "set_count",
                            "count": {
                                "min": 4,
                                "max": 12
                            }
                        }
                    ]
                },
                {
                    "type": "item",
                    "name": "minecraft:gold_ingot",
                    "weight": 1,
                    "functions": [
                        {
                            "function": "set_count",
                            "count": {
                                "min": 4,
                                "max": 12
                            }
                        }
                    ]
                },
                {
                    "type": "item",
                    "name": "minecraft:coal",
                    "weight": 1,
                    "functions": [
                        {
                            "function": "set_count",
                            "count": {
                                "min": 6,
                                "max": 24
                            }
                        }
                    ]
                },
                {
                    "type": "item",
                    "name": "minecraft:diamond",
                    "weight": 1,
                    "functions": [
                        {
                            "function": "set_count",
                            "count": {
                                "min": 1,
                                "max": 3
                            }
                        }
                    ]
                },
                {
                    "type": "item",
                    "name": "minecraft:netherite_scrap",
                    "weight": 1,
                    "functions": [
                        {
                            "function": "set_count",
                            "count": {
                                "min": 1,
                                "max": 2
                            }
                        }
                    ]
                },
                {
                    "type": "item",
                    "name": "minecraft:glowstone_dust",
                    "weight": 1,
                    "functions": [
                        {
                            "function": "set_count",
                            "count": {
                                "min": 4,
                                "max": 12
                            }
                        }
                    ]
                },
                {
                    "type": "item",
                    "name": "minecraft:ice",
                    "weight": 1,
                    "functions": [
                        {
                            "function": "set_count",
                            "count": {
                                "min": 4,
                                "max": 12
                            }
                        }
                    ]
                },
                {
                    "type": "item",
                    "name": "minecraft:obsidian",
                    "weight": 1,
                    "functions": [
                        {
                            "function": "set_count",
                            "count": {
                                "min": 4,
                                "max": 12
                            }
                        }
                    ]
                },
                {
                    "type": "item",
                    "name": "minecraft:end_stone",
                    "weight": 1,
                    "functions": [
                        {
                            "function": "set_count",
                            "count": {
                                "min": 4,
                                "max": 12
                            }
                        }
                    ]
                },
                {
                    "type": "item",
                    "name": "minecraft:netherrack",
                    "weight": 1,
                    "functions": [
                        {
                            "function": "set_count",
                            "count": {
                                "min": 4,
                                "max": 12
                            }
                        }
                    ]
                },
                {
                    "type": "item",
                    "name": "minecraft:slime_block",
                    "weight": 1,
                    "functions": [
                        {
                            "function": "set_count",
                            "count": {
                                "min": 4,
                                "max": 12
                            }
                        }
                    ]
                },
                {
                    "type": "item",
                    "name": "minecraft:soul_sand",
                    "weight": 1,
                    "functions": [
                        {
                            "function": "set_count",
                            "count": {
                                "min": 4,
                                "max": 12
                            }
                        }
                    ]
                },
                {
                    "type": "item",
                    "name": "minecraft:chorus_flower",
                    "weight": 1,
                    "functions": [
                        {
                            "function": "set_count",
                            "count": {
                                "min": 4,
                                "max": 12
                            }
                        }
                    ]
                },
                {
                    "type": "item",
                    "name": "minecraft:gunpowder",
                    "weight": 1,
                    "functions": [
                        {
                            "function": "set_count",
                            "count": {
                                "min": 4,
                                "max": 12
                            }
                        }
                    ]
                },
                {
                    "type": "item",
                    "name": "minecraft:bone",
                    "weight": 1,
                    "functions": [
                        {
                            "function": "set_count",
                            "count": {
                                "min": 4,
                                "max": 12
                            }
                        }
                    ]
                },
                {
                    "type": "item",
                    "name": "minecraft:blaze_rod",
                    "weight": 1,
                    "functions": [
                        {
                            "function": "set_count",
                            "count": {
                                "min": 4,
                                "max": 12
                            }
                        }
                    ]
                },
                {
                    "type": "item",
                    "name": "minecraft:leather",
                    "weight": 1,
                    "functions": [
                        {
                            "function": "set_count",
                            "count": {
                                "min": 2,
                                "max": 8
                            }
                        }
                    ]
                },
                {
                    "type": "item",
                    "name": "minecraft:rotten_flesh",
                    "weight": 1,
                    "functions": [
                        {
                            "function": "set_count",
                            "count": {
                                "min": 4,
                                "max": 12
                            }
                        }
                    ]
                },
                {
                    "type": "item",
                    "name": "minecraft:string",
                    "weight": 1,
                    "functions": [
                        {
                            "function": "set_count",
                            "count": {
                                "min": 4,
                                "max": 12
                            }
                        }
                    ]
                },
                {
                    "type": "item",
                    "name": "minecraft:spider_eye",
                    "weight": 1,
                    "functions": [
                        {
                            "function": "set_count",
                            "count": {
                                "min": 4,
                                "max": 12
                            }
                        }
                    ]
                },
                {
                    "type": "item",
                    "name": "minecraft:shulker_shell",
                    "weight": 1,
                    "functions": [
                        {
                            "function": "set_count",
                            "count": {
                                "min": 1,
                                "max": 2
                            }
                        }
                    ]
                },
                {
                    "type": "item",
                    "name": "minecraft:sculk_catalyst",
                    "weight": 1,
                    "functions": [
                        {
                            "function": "set_count",
                            "count": {
                                "min": 1,
                                "max": 4
                            }
                        }
                    ]
                },
                {
                    "type": "item",
                    "name": "minecraft:honeycomb",
                    "weight": 1,
                    "functions": [
                        {
                            "function": "set_count",
                            "count": {
                                "min": 3,
                                "max": 10
                            }
                        }
                    ]
                },
                {
                    "type": "item",
                    "name": "minecraft:pufferfish",
                    "weight": 1,
                    "functions": [
                        {
                            "function": "set_count",
                            "count": {
                                "min": 3,
                                "max": 10
                            }
                        }
                    ]
                },
                {
                    "type": "item",
                    "name": "minecraft:glow_berries",
                    "weight": 1,
                    "functions": [
                        {
                            "function": "set_count",
                            "count": {
                                "min": 3,
                                "max": 10
                            }
                        }
                    ]
                },
                {
                    "type": "item",
                    "name": "minecraft:sweet_berries",
                    "weight": 1,
                    "functions": [
                        {
                            "function": "set_count",
                            "count": {
                                "min": 3,
                                "max": 10
                            }
                        }
                    ]
                },
                {
                    "type": "item",
                    "name": "minecraft:carrot",
                    "weight": 1,
                    "functions": [
                        {
                            "function": "set_count",
                            "count": {
                                "min": 4,
                                "max": 12
                            }
                        }
                    ]
                },
                {
                    "type": "item",
                    "name": "minecraft:potato",
                    "weight": 1,
                    "functions": [
                        {
                            "function": "set_count",
                            "count": {
                                "min": 4,
                                "max": 12
                            }
                        }
                    ]
                },
                {
                    "type": "item",
                    "name": "minecraft:wheat",
                    "weight": 1,
                    "functions": [
                        {
                            "function": "set_count",
                            "count": {
                                "min": 4,
                                "max": 12
                            }
                        }
                    ]
                },
                {
                    "type": "item",
                    "name": "minecraft:kelp",
                    "weight": 1,
                    "functions": [
                        {
                            "function": "set_count",
                            "count": {
                                "min": 4,
                                "max": 12
                            }
                        }
                    ]
                },
                {
                    "type": "item",
                    "name": "minecraft:cactus",
                    "weight": 1,
                    "functions": [
                        {
                            "function": "set_count",
                            "count": {
                                "min": 4,
                                "max": 12
                            }
                        }
                    ]
                },
                {
                    "type": "item",
                    "name": "minecraft:sugar_cane",
                    "weight": 1,
                    "functions": [
                        {
                            "function": "set_count",
                            "count": {
                                "min": 4,
                                "max": 12
                            }
                        }
                    ]
                },
                {
                    "type": "item",
                    "name": "minecraft:nether_wart",
                    "weight": 1,
                    "functions": [
                        {
                            "function": "set_count",
                            "count": {
                                "min": 4,
                                "max": 12
                            }
                        }
                    ]
                },
                {
                    "type": "item",
                    "name": "minecraft:grass_block",
                    "weight": 1,
                    "functions": [
                        {
                            "function": "set_count",
                            "count": {
                                "min": 4,
                                "max": 12
                            }
                        }
                    ]
                },
                {
                    "type": "item",
                    "name": "minecraft:hay_block",
                    "weight": 1,
                    "functions": [
                        {
                            "function": "set_count",
                            "count": {
                                "min": 4,
                                "max": 12
                            }
                        }
                    ]
                },
                {
                    "type": "item",
                    "name": "minecraft:sea_lantern",
                    "weight": 1,
                    "functions": [
                        {
                            "function": "set_count",
                            "count": {
                                "min": 4,
                                "max": 12
                            }
                        }
                    ]
                },
                {
                    "type": "item",
                    "name": "minecraft:oak_log",
                    "weight": 1,
                    "functions": [
                        {
                            "function": "set_count",
                            "count": {
                                "min": 10,
                                "max": 64
                            }
                        }
                    ]
                },
                {
                    "type": "item",
                    "name": "minecraft:cobblestone",
                    "weight": 1,
                    "functions": [
                        {
                            "function": "set_count",
                            "count": {
                                "min": 10,
                                "max": 64
                            }
                        }
                    ]
                },
                {
                    "type": "item",
                    "name": "minecraft:deepslate",
                    "weight": 1,
                    "functions": [
                        {
                            "function": "set_count",
                            "count": {
                                "min": 8,
                                "max": 48
                            }
                        }
                    ]
                },
                {
                    "type": "item",
                    "name": "minecraft:red_sand",
                    "weight": 1,
                    "functions": [
                        {
                            "function": "set_count",
                            "count": {
                                "min": 4,
                                "max": 12
                            }
                        }
                    ]
                },
                {
                    "type": "item",
                    "name": "minecraft:sponge",
                    "weight": 1,
                    "functions": [
                        {
                            "function": "set_count",
                            "count": {
                                "min": 2,
                                "max": 8
                            }
                        }
                    ]
                },
                {
                    "type": "item",
                    "name": "minecraft:pumpkin",
                    "weight": 1,
                    "functions": [
                        {
                            "function": "set_count",
                            "count": {
                                "min": 4,
                                "max": 12
                            }
                        }
                    ]
                },
                {
                    "type": "item",
                    "name": "minecraft:melon",
                    "weight": 1,
                    "functions": [
                        {
                            "function": "set_count",
                            "count": {
                                "min": 4,
                                "max": 12
                            }
                        }
                    ]
                },
                {
                    "type": "item",
                    "name": "minecraft:beetroot_seeds",
                    "weight": 1,
                    "functions": [
                        {
                            "function": "set_count",
                            "count": {
                                "min": 4,
                                "max": 12
                            }
                        }
                    ]
                },
                {
                    "type": "item",
                    "name": "minecraft:wither_skeleton_skull",
                    "weight": 1,
                    "functions": [
                        {
                            "function": "set_count",
                            "count": 1
                        }
                    ]
                },
                {
                    "type": "item",
                    "name": "minecraft:end_crystal",
                    "weight": 1,
                    "functions": [
                        {
                            "function": "set_count",
                            "count": 1
                        }
                    ]
                },
                {
                    "type": "item",
                    "name": "minecraft:golden_apple",
                    "weight": 1,
                    "functions": [
                        {
                            "function": "set_count",
                            "count": {
                                "min": 4,
                                "max": 8
                            }
                        }
                    ]
                },
                {
                    "type": "item",
                    "name": "minecraft:ghast_tear",
                    "weight": 1,
                    "functions": [
                        {
                            "function": "set_count",
                            "count": {
                                "min": 0,
                                "max": 1
                            }
                        }
                    ]
                },
                {
                    "type": "item",
                    "name": "minecraft:nautilus_shell",
                    "weight": 1,
                    "functions": [
                        {
                            "function": "set_count",
                            "count": {
                                "min": 0,
                                "max": 1
                            }
                        }
                    ]
                },
                {
                    "type": "item",
                    "name": "minecraft:clay",
                    "weight": 1,
                    "functions": [
                        {
                            "function": "set_count",
                            "count": {
                                "min": 3,
                                "max": 6
                            }
                        }
                    ]
                },
                {
                    "type": "item",
                    "name": "minecraft:experience_bottle",
                    "weight": 1,
                    "functions": [
                        {
                            "function": "set_count",
                            "count": {
                                "min": 3,
                                "max": 6
                            }
                        }
                    ]
                },
                {
                    "type": "item",
                    "name": "minecraft:glass",
                    "weight": 1,
                    "functions": [
                        {
                            "function": "set_count",
                            "count": {
                                "min": 4,
                                "max": 10
                            }
                        }
                    ]
                },
                {
                    "type": "item",
                    "name": "minecraft:arrow",
                    "weight": 1,
                    "functions": [
                        {
                            "function": "set_count",
                            "count": {
                                "min": 4,
                                "max": 8
                            }
                        }
                    ]
                }
            ]
        }
    ]
}