[
  {
    "function": "minecraft:set_name",
    "entity": "this",
    "name": [
      {
        "italic": false,
        "color": "aqua",
        "text": "エネルギーカートリッジ"
      },
      {
        "italic": false,
        "color": "gray",
        "text": " ["
      },
      {
        "italic": false,
        "color": "white",
        "text": "-"
      },
      {
        "italic": false,
        "color": "gray",
        "text": "]"
      }
    ]
  },
  {
    "function": "minecraft:set_nbt",
    "tag": "{CustomModelData:110021}"
  },
  {
    "function": "minecraft:set_nbt",
    "tag": "{tmw:{energy:{type:0}}}"
  }
]
