{
  "parent": "ui:main/magic_sword/tmw1",
  "display": {
    "icon": {
      "item": "minecraft:light_blue_dye"
    },
    "title": "アニマ",
    "description": [
      {
        "font": "ui:recipe",
        "color": "white",
        "translate": "\u0002\n\n\n\n\n\n"
      }
    ],
    "frame": "task",
    "show_toast": true,
    "announce_to_chat": false,
    "hidden": false
  },
  "criteria": {
    "task1": {
      "trigger": "minecraft:inventory_changed",
      "conditions": {
        "items": [
          {
            "nbt": "{tmw:{id:2}}"
          }
        ]
      }
    }
  },
  "requirements": [
    ["task1"]
  ]
}