{
  "parent": "ui:main/industry/mech2",
  "display": {
    "icon": {
      "item": "minecraft:stray_spawn_egg",
      "nbt": "{CustomModelData:130003}"
    },
    "title": "簡易蓄電器",
    "description": [
      {
        "font": "ui:recipe",
        "color": "white",
        "translate": "\u0503\n\n\n\n\n\n"
      }
    ],
    "frame": "task",
    "show_toast": true,
    "announce_to_chat": false,
    "hidden": false
  },
  "criteria": {
    "task1": {
      "trigger": "minecraft:inventory_changed",
      "conditions": {
        "items": [
          {
            "nbt": "{CustomModelData:130003}"
          }
        ]
      }
    }
  },
  "requirements": [
    ["task1"]
  ]
}