{
  "parent": "ui:main/industry/industry",
  "display": {
    "icon": {
      "item": "minecraft:carrot_on_a_stick",
      "nbt": "{CustomModelData:110001}"
    },
    "title": "チェーンリンクメーカー",
    "description": [
      {
        "font": "ui:recipe",
        "color": "white",
        "translate": "\u0401\n\n\n\n\n\n"
      }
    ],
    "frame": "task",
    "show_toast": true,
    "announce_to_chat": false,
    "hidden": false
  },
  "criteria": {
    "task1": {
      "trigger": "minecraft:inventory_changed",
      "conditions": {
        "items": [
          {
            "nbt": "{tmw:{id:301}}"
          }
        ]
      }
    }
  },
  "requirements": [
    ["task1"]
  ]
}