[
  {
    "function": "minecraft:set_lore",
    "entity": "this",
    "lore": [
      [
        {"text": "タイプ: マガジン","color": "gray","italic": false}
      ],
      [
        {"text": "Mass: ","color": "gray","italic": false},
        {"score":{"name":"$Mass","objective":"ui_temp"}}
      ],
      [
        {"text": "BaseType: ","color": "gray","italic": false},
        {"score":{"name":"$BaseType","objective":"ui_temp"}}
      ],
      [
        {"text": "Magazine: ","color": "gray","italic": false},
        {"score":{"name":"$Magazine","objective":"ui_temp"}}
      ],
      [
        {"text": "MaxSize: ","color": "gray","italic": false},
        {"score":{"name":"$MaxSize","objective":"ui_temp"}}
      ],
      [
        {"text": "CT: ","color": "gray","italic": false},
        {"score":{"name":"$CT","objective":"ui_temp"}}
      ],
      [
        {"text": "Spread: ","color": "gray","italic": false},
        {"score":{"name":"$Spread","objective":"ui_temp"}}
      ],
      [
        {"text": "Barrel: ","color": "gray","italic": false},
        {"score":{"name":"$Barrel","objective":"ui_temp"}}
      ],
      [
        {"text": "MultiShot: ","color": "gray","italic": false},
        {"score":{"name":"$MultiShot","objective":"ui_temp"}}
      ]
    ],
    "replace": false
  }
]
